year,round,constructorId,points,position,positionText,wins
2010,1,ferrari,43,1,1,1
2010,1,mclaren,21,2,2,0
2010,1,mercedes,18,3,3,0
2010,1,red_bull,16,4,4,0
2010,1,force_india,2,5,5,0
2010,1,williams,1,6,6,0
2010,1,renault,0,7,7,0
2010,1,toro_rosso,0,8,8,0
2010,1,lotus_racing,0,9,9,0
2010,1,sauber,0,10,10,0
2010,1,hrt,0,11,11,0
2010,1,virgin,0,12,12,0
2010,2,ferrari,70,1,1,1
2010,2,mclaren,54,2,2,1
2010,2,mercedes,29,3,3,0
2010,2,renault,18,4,4,0
2010,2,red_bull,18,5,5,0
2010,2,force_india,8,6,6,0
2010,2,williams,5,7,7,0
2010,2,toro_rosso,0,8,8,0
2010,2,sauber,0,9,9,0
2010,2,lotus_racing,0,10,10,0
2010,2,hrt,0,11,11,0
2010,2,virgin,0,12,12,0
2010,3,ferrari,76,1,1,1
2010,3,mclaren,66,2,2,1
2010,3,red_bull,61,3,3,1
2010,3,mercedes,44,4,4,0
2010,3,renault,30,5,5,0
2010,3,force_india,18,6,6,0
2010,3,williams,6,7,7,0
2010,3,toro_rosso,2,8,8,0
2010,3,sauber,0,9,9,0
2010,3,lotus_racing,0,10,10,0
2010,3,hrt,0,11,11,0
2010,3,virgin,0,12,12,0
2010,4,mclaren,109,1,1,2
2010,4,ferrari,90,2,2,1
2010,4,red_bull,73,3,3,1
2010,4,mercedes,60,4,4,0
2010,4,renault,46,5,5,0
2010,4,force_india,18,6,6,0
2010,4,williams,6,7,7,0
2010,4,toro_rosso,2,8,8,0
2010,4,sauber,0,9,9,0
2010,4,lotus_racing,0,10,10,0
2010,4,hrt,0,11,11,0
2010,4,virgin,0,12,12,0
2010,5,mclaren,119,1,1,2
2010,5,ferrari,116,2,2,1
2010,5,red_bull,113,3,3,2
2010,5,mercedes,72,4,4,0
2010,5,renault,50,5,5,0
2010,5,force_india,24,6,6,0
2010,5,williams,8,7,7,0
2010,5,toro_rosso,3,8,8,0
2010,5,sauber,0,9,9,0
2010,5,lotus_racing,0,10,10,0
2010,5,hrt,0,11,11,0
2010,5,virgin,0,12,12,0
2010,6,red_bull,156,1,1,3
2010,6,ferrari,136,2,2,1
2010,6,mclaren,129,3,3,2
2010,6,mercedes,78,4,4,0
2010,6,renault,65,5,5,0
2010,6,force_india,30,6,6,0
2010,6,williams,8,7,7,0
2010,6,toro_rosso,4,8,8,0
2010,6,sauber,0,9,9,0
2010,6,lotus_racing,0,10,10,0
2010,6,hrt,0,11,11,0
2010,6,virgin,0,12,12,0
2010,7,mclaren,172,1,1,3
2010,7,red_bull,171,2,2,3
2010,7,ferrari,146,3,3,1
2010,7,mercedes,100,4,4,0
2010,7,renault,73,5,5,0
2010,7,force_india,32,6,6,0
2010,7,williams,8,7,7,0
2010,7,toro_rosso,4,8,8,0
2010,7,sauber,1,9,9,0
2010,7,lotus_racing,0,10,10,0
2010,7,hrt,0,11,11,0
2010,7,virgin,0,12,12,0
2010,8,mclaren,215,1,1,4
2010,8,red_bull,193,2,2,3
2010,8,ferrari,161,3,3,1
2010,8,mercedes,108,4,4,0
2010,8,renault,79,5,5,0
2010,8,force_india,35,6,6,0
2010,8,toro_rosso,8,7,7,0
2010,8,williams,8,8,8,0
2010,8,sauber,1,9,9,0
2010,8,lotus_racing,0,10,10,0
2010,8,hrt,0,11,11,0
2010,8,virgin,0,12,12,0
2010,9,mclaren,248,1,1,4
2010,9,red_bull,218,2,2,4
2010,9,ferrari,165,3,3,1
2010,9,mercedes,109,4,4,0
2010,9,renault,89,5,5,0
2010,9,force_india,43,6,6,0
2010,9,williams,20,7,7,0
2010,9,toro_rosso,10,8,8,0
2010,9,sauber,7,9,9,0
2010,9,lotus_racing,0,10,10,0
2010,9,hrt,0,11,11,0
2010,9,virgin,0,12,12,0
2010,10,mclaren,278,1,1,4
2010,10,red_bull,249,2,2,5
2010,10,ferrari,165,3,3,1
2010,10,mercedes,126,4,4,0
2010,10,renault,89,5,5,0
2010,10,force_india,47,6,6,0
2010,10,williams,31,7,7,0
2010,10,sauber,15,8,8,0
2010,10,toro_rosso,10,9,9,0
2010,10,lotus_racing,0,10,10,0
2010,10,hrt,0,11,11,0
2010,10,virgin,0,12,12,0
2010,11,mclaren,300,1,1,4
2010,11,red_bull,272,2,2,5
2010,11,ferrari,208,3,3,2
2010,11,mercedes,132,4,4,0
2010,11,renault,96,5,5,0
2010,11,force_india,47,6,6,0
2010,11,williams,31,7,7,0
2010,11,sauber,15,8,8,0
2010,11,toro_rosso,10,9,9,0
2010,11,lotus_racing,0,10,10,0
2010,11,hrt,0,11,11,0
2010,11,virgin,0,12,12,0
2010,12,red_bull,312,1,1,6
2010,12,mclaren,304,2,2,4
2010,12,ferrari,238,3,3,2
2010,12,mercedes,132,4,4,0
2010,12,renault,106,5,5,0
2010,12,force_india,47,6,6,0
2010,12,williams,40,7,7,0
2010,12,sauber,23,8,8,0
2010,12,toro_rosso,10,9,9,0
2010,12,lotus_racing,0,10,10,0
2010,12,hrt,0,11,11,0
2010,12,virgin,0,12,12,0
2010,13,red_bull,330,1,1,6
2010,13,mclaren,329,2,2,5
2010,13,ferrari,250,3,3,2
2010,13,mercedes,146,4,4,0
2010,13,renault,123,5,5,0
2010,13,force_india,58,6,6,0
2010,13,williams,40,7,7,0
2010,13,sauber,27,8,8,0
2010,13,toro_rosso,10,9,9,0
2010,13,lotus_racing,0,10,10,0
2010,13,hrt,0,11,11,0
2010,13,virgin,0,12,12,0
2010,14,red_bull,350,1,1,6
2010,14,mclaren,347,2,2,5
2010,14,ferrari,290,3,3,3
2010,14,mercedes,158,4,4,0
2010,14,renault,127,5,5,0
2010,14,force_india,58,6,6,0
2010,14,williams,47,7,7,0
2010,14,sauber,27,8,8,0
2010,14,toro_rosso,10,9,9,0
2010,14,lotus_racing,0,10,10,0
2010,14,hrt,0,11,11,0
2010,14,virgin,0,12,12,0
2010,15,red_bull,383,1,1,6
2010,15,mclaren,359,2,2,5
2010,15,ferrari,319,3,3,4
2010,15,mercedes,168,4,4,0
2010,15,renault,133,5,5,0
2010,15,force_india,60,6,6,0
2010,15,williams,56,7,7,0
2010,15,sauber,27,8,8,0
2010,15,toro_rosso,10,9,9,0
2010,15,lotus_racing,0,10,10,0
2010,15,hrt,0,11,11,0
2010,15,virgin,0,12,12,0
2010,16,red_bull,426,1,1,7
2010,16,mclaren,381,2,2,5
2010,16,ferrari,334,3,3,4
2010,16,mercedes,176,4,4,0
2010,16,renault,133,5,5,0
2010,16,force_india,60,6,6,0
2010,16,williams,58,7,7,0
2010,16,sauber,37,8,8,0
2010,16,toro_rosso,11,9,9,0
2010,16,lotus_racing,0,10,10,0
2010,16,hrt,0,11,11,0
2010,16,virgin,0,12,12,0
2010,17,red_bull,426,1,1,7
2010,17,mclaren,399,2,2,5
2010,17,ferrari,374,3,3,5
2010,17,mercedes,188,4,4,0
2010,17,renault,143,5,5,0
2010,17,force_india,68,6,6,0
2010,17,williams,65,7,7,0
2010,17,sauber,43,8,8,0
2010,17,toro_rosso,11,9,9,0
2010,17,lotus_racing,0,10,10,0
2010,17,hrt,0,11,11,0
2010,17,virgin,0,12,12,0
2010,18,red_bull,469,1,1,8
2010,18,mclaren,421,2,2,5
2010,18,ferrari,389,3,3,5
2010,18,mercedes,202,4,4,0
2010,18,renault,145,5,5,0
2010,18,williams,69,6,6,0
2010,18,force_india,68,7,7,0
2010,18,sauber,44,8,8,0
2010,18,toro_rosso,11,9,9,0
2010,18,lotus_racing,0,10,10,0
2010,18,hrt,0,11,11,0
2010,18,virgin,0,12,12,0
2010,19,red_bull,498,1,1,9
2010,19,mclaren,454,2,2,5
2010,19,ferrari,396,3,3,5
2010,19,mercedes,214,4,4,0
2010,19,renault,163,5,5,0
2010,19,williams,69,6,6,0
2010,19,force_india,68,7,7,0
2010,19,sauber,44,8,8,0
2010,19,toro_rosso,13,9,9,0
2010,19,lotus_racing,0,10,10,0
2010,19,hrt,0,11,11,0
2010,19,virgin,0,12,12,0
2011,1,red_bull,35,1,1,1
2011,1,mclaren,26,2,2,0
2011,1,ferrari,18,3,3,0
2011,1,renault,15,4,4,0
2011,1,toro_rosso,4,5,5,0
2011,1,force_india,3,6,6,0
2011,1,lotus_racing,0,7,7,0
2011,1,virgin,0,8,8,0
2011,1,williams,0,9,9,0
2011,1,mercedes,0,10,10,0
2011,2,red_bull,72,1,1,2
2011,2,mclaren,48,2,2,0
2011,2,ferrari,36,3,3,0
2011,2,renault,30,4,4,0
2011,2,sauber,6,5,5,0
2011,2,toro_rosso,4,6,6,0
2011,2,force_india,4,7,7,0
2011,2,mercedes,2,8,8,0
2011,2,lotus_racing,0,9,9,0
2011,2,virgin,0,10,10,0
2011,2,williams,0,11,11,0
2011,2,hrt,0,12,12,0
2011,3,red_bull,105,1,1,2
2011,3,mclaren,85,2,2,1
2011,3,ferrari,50,3,3,0
2011,3,renault,32,4,4,0
2011,3,mercedes,16,5,5,0
2011,3,sauber,7,6,6,0
2011,3,toro_rosso,4,7,7,0
2011,3,force_india,4,8,8,0
2011,3,lotus_racing,0,9,9,0
2011,3,williams,0,10,10,0
2011,3,virgin,0,11,11,0
2011,3,hrt,0,12,12,0
2011,4,red_bull,148,1,1,3
2011,4,mclaren,105,2,2,1
2011,4,ferrari,65,3,3,0
2011,4,renault,42,4,4,0
2011,4,mercedes,26,5,5,0
2011,4,sauber,8,6,6,0
2011,4,toro_rosso,6,7,7,0
2011,4,force_india,4,8,8,0
2011,4,lotus_racing,0,9,9,0
2011,4,williams,0,10,10,0
2011,4,virgin,0,11,11,0
2011,4,hrt,0,12,12,0
2011,5,red_bull,185,1,1,4
2011,5,mclaren,138,2,2,1
2011,5,ferrari,75,3,3,0
2011,5,renault,46,4,4,0
2011,5,mercedes,40,5,5,0
2011,5,sauber,11,6,6,0
2011,5,toro_rosso,6,7,7,0
2011,5,force_india,4,8,8,0
2011,5,williams,0,9,9,0
2011,5,lotus_racing,0,10,10,0
2011,5,virgin,0,11,11,0
2011,5,hrt,0,12,12,0
2011,6,red_bull,222,1,1,5
2011,6,mclaren,161,2,2,1
2011,6,ferrari,93,3,3,0
2011,6,renault,50,4,4,0
2011,6,mercedes,40,5,5,0
2011,6,sauber,21,6,6,0
2011,6,force_india,10,7,7,0
2011,6,toro_rosso,7,8,8,0
2011,6,williams,2,9,9,0
2011,6,lotus_racing,0,10,10,0
2011,6,virgin,0,11,11,0
2011,6,hrt,0,12,12,0
2011,7,red_bull,255,1,1,5
2011,7,mclaren,186,2,2,2
2011,7,ferrari,101,3,3,0
2011,7,renault,60,4,4,0
2011,7,mercedes,52,5,5,0
2011,7,sauber,27,6,6,0
2011,7,toro_rosso,12,7,7,0
2011,7,force_india,10,8,8,0
2011,7,williams,4,9,9,0
2011,7,lotus_racing,0,10,10,0
2011,7,hrt,0,11,11,0
2011,7,virgin,0,12,12,0
2011,8,red_bull,295,1,1,6
2011,8,mclaren,206,2,2,2
2011,8,ferrari,129,3,3,0
2011,8,renault,61,4,4,0
2011,8,mercedes,58,5,5,0
2011,8,sauber,27,6,6,0
2011,8,toro_rosso,16,7,7,0
2011,8,force_india,12,8,8,0
2011,8,williams,4,9,9,0
2011,8,lotus_racing,0,10,10,0
2011,8,hrt,0,11,11,0
2011,8,virgin,0,12,12,0
2011,9,red_bull,328,1,1,6
2011,9,mclaren,218,2,2,2
2011,9,ferrari,164,3,3,1
2011,9,mercedes,68,4,4,0
2011,9,renault,65,5,5,0
2011,9,sauber,33,6,6,0
2011,9,toro_rosso,17,7,7,0
2011,9,force_india,12,8,8,0
2011,9,williams,4,9,9,0
2011,9,lotus_racing,0,10,10,0
2011,9,hrt,0,11,11,0
2011,9,virgin,0,12,12,0
2011,10,red_bull,355,1,1,6
2011,10,mclaren,243,2,2,3
2011,10,ferrari,192,3,3,1
2011,10,mercedes,78,4,4,0
2011,10,renault,66,5,5,0
2011,10,sauber,35,6,6,0
2011,10,force_india,20,7,7,0
2011,10,toro_rosso,17,8,8,0
2011,10,williams,4,9,9,0
2011,10,lotus_racing,0,10,10,0
2011,10,hrt,0,11,11,0
2011,10,virgin,0,12,12,0
2011,11,red_bull,383,1,1,6
2011,11,mclaren,280,2,2,4
2011,11,ferrari,215,3,3,1
2011,11,mercedes,80,4,4,0
2011,11,renault,66,5,5,0
2011,11,sauber,35,6,6,0
2011,11,force_india,26,7,7,0
2011,11,toro_rosso,22,8,8,0
2011,11,williams,4,9,9,0
2011,11,lotus_racing,0,10,10,0
2011,11,hrt,0,11,11,0
2011,11,virgin,0,12,12,0
2011,12,red_bull,426,1,1,7
2011,12,mclaren,295,2,2,4
2011,12,ferrari,231,3,3,1
2011,12,mercedes,98,4,4,0
2011,12,renault,68,5,5,0
2011,12,sauber,35,6,6,0
2011,12,force_india,32,7,7,0
2011,12,toro_rosso,22,8,8,0
2011,12,williams,5,9,9,0
2011,12,lotus_racing,0,10,10,0
2011,12,hrt,0,11,11,0
2011,12,virgin,0,12,12,0
2011,13,red_bull,451,1,1,8
2011,13,mclaren,325,2,2,4
2011,13,ferrari,254,3,3,1
2011,13,mercedes,108,4,4,0
2011,13,renault,70,5,5,0
2011,13,force_india,36,6,6,0
2011,13,sauber,35,7,7,0
2011,13,toro_rosso,29,8,8,0
2011,13,williams,5,9,9,0
2011,13,lotus_racing,0,10,10,0
2011,13,hrt,0,11,11,0
2011,13,virgin,0,12,12,0
2011,14,red_bull,491,1,1,9
2011,14,mclaren,353,2,2,4
2011,14,ferrari,268,3,3,1
2011,14,mercedes,114,4,4,0
2011,14,renault,70,5,5,0
2011,14,force_india,48,6,6,0
2011,14,sauber,36,7,7,0
2011,14,toro_rosso,29,8,8,0
2011,14,williams,5,9,9,0
2011,14,lotus_racing,0,10,10,0
2011,14,hrt,0,11,11,0
2011,14,virgin,0,12,12,0
2011,15,red_bull,518,1,1,9
2011,15,mclaren,388,2,2,5
2011,15,ferrari,292,3,3,1
2011,15,mercedes,123,4,4,0
2011,15,renault,72,5,5,0
2011,15,force_india,48,6,6,0
2011,15,sauber,40,7,7,0
2011,15,toro_rosso,29,8,8,0
2011,15,williams,5,9,9,0
2011,15,lotus_racing,0,10,10,0
2011,15,hrt,0,11,11,0
2011,15,virgin,0,12,12,0
2011,16,red_bull,558,1,1,10
2011,16,mclaren,418,2,2,5
2011,16,ferrari,310,3,3,1
2011,16,mercedes,127,4,4,0
2011,16,renault,72,5,5,0
2011,16,force_india,49,6,6,0
2011,16,sauber,40,7,7,0
2011,16,toro_rosso,37,8,8,0
2011,16,williams,5,9,9,0
2011,16,lotus_racing,0,10,10,0
2011,16,hrt,0,11,11,0
2011,16,virgin,0,12,12,0
2011,17,red_bull,595,1,1,11
2011,17,mclaren,442,2,2,5
2011,17,ferrari,325,3,3,1
2011,17,mercedes,145,4,4,0
2011,17,renault,72,5,5,0
2011,17,force_india,51,6,6,0
2011,17,sauber,41,7,7,0
2011,17,toro_rosso,41,8,8,0
2011,17,williams,5,9,9,0
2011,17,lotus_racing,0,10,10,0
2011,17,hrt,0,11,11,0
2011,17,virgin,0,12,12,0
2011,18,red_bull,607,1,1,11
2011,18,mclaren,482,2,2,6
2011,18,ferrari,353,3,3,1
2011,18,mercedes,159,4,4,0
2011,18,renault,72,5,5,0
2011,18,force_india,57,6,6,0
2011,18,sauber,42,7,7,0
2011,18,toro_rosso,41,8,8,0
2011,18,williams,5,9,9,0
2011,18,lotus_racing,0,10,10,0
2011,18,hrt,0,11,11,0
2011,18,virgin,0,12,12,0
2011,19,red_bull,650,1,1,12
2011,19,mclaren,497,2,2,6
2011,19,ferrari,375,3,3,1
2011,19,mercedes,165,4,4,0
2011,19,renault,73,5,5,0
2011,19,force_india,69,6,6,0
2011,19,sauber,44,7,7,0
2011,19,toro_rosso,41,8,8,0
2011,19,williams,5,9,9,0
2011,19,lotus_racing,0,10,10,0
2011,19,hrt,0,11,11,0
2011,19,virgin,0,12,12,0
2012,1,mclaren,40,1,1,1
2012,1,red_bull,30,2,2,0
2012,1,sauber,12,3,3,0
2012,1,ferrari,10,4,4,0
2012,1,lotus_f1,6,5,5,0
2012,1,toro_rosso,2,6,6,0
2012,1,force_india,1,7,7,0
2012,1,mercedes,0,8,8,0
2012,1,williams,0,9,9,0
2012,1,marussia,0,10,10,0
2012,1,caterham,0,11,11,0
2012,2,mclaren,55,1,1,1
2012,2,red_bull,42,2,2,0
2012,2,ferrari,35,3,3,1
2012,2,sauber,30,4,4,0
2012,2,lotus_f1,16,5,5,0
2012,2,force_india,9,6,6,0
2012,2,williams,8,7,7,0
2012,2,toro_rosso,6,8,8,0
2012,2,mercedes,1,9,9,0
2012,2,marussia,0,10,10,0
2012,2,caterham,0,11,11,0
2012,2,hrt,0,12,12,0
2012,3,mclaren,88,1,1,1
2012,3,red_bull,64,2,2,0
2012,3,ferrari,37,3,3,1
2012,3,sauber,31,4,4,0
2012,3,mercedes,26,5,5,1
2012,3,lotus_f1,24,6,6,0
2012,3,williams,18,7,7,0
2012,3,force_india,9,8,8,0
2012,3,toro_rosso,6,9,9,0
2012,3,marussia,0,10,10,0
2012,3,caterham,0,11,11,0
2012,3,hrt,0,12,12,0
2012,4,red_bull,101,1,1,1
2012,4,mclaren,92,2,2,1
2012,4,lotus_f1,57,3,3,0
2012,4,ferrari,45,4,4,1
2012,4,mercedes,37,5,5,1
2012,4,sauber,31,6,6,0
2012,4,williams,18,7,7,0
2012,4,force_india,17,8,8,0
2012,4,toro_rosso,6,9,9,0
2012,4,marussia,0,10,10,0
2012,4,caterham,0,11,11,0
2012,4,hrt,0,12,12,0
2012,5,red_bull,109,1,1,1
2012,5,mclaren,98,2,2,1
2012,5,lotus_f1,84,3,3,0
2012,5,ferrari,63,4,4,1
2012,5,mercedes,43,5,5,1
2012,5,williams,43,6,6,1
2012,5,sauber,41,7,7,0
2012,5,force_india,18,8,8,0
2012,5,toro_rosso,6,9,9,0
2012,5,marussia,0,10,10,0
2012,5,caterham,0,11,11,0
2012,5,hrt,0,12,12,0
2012,6,red_bull,146,1,1,2
2012,6,mclaren,108,2,2,1
2012,6,ferrari,86,3,3,1
2012,6,lotus_f1,86,4,4,0
2012,6,mercedes,61,5,5,1
2012,6,williams,44,6,6,1
2012,6,sauber,41,7,7,0
2012,6,force_india,28,8,8,0
2012,6,toro_rosso,6,9,9,0
2012,6,caterham,0,10,10,0
2012,6,marussia,0,11,11,0
2012,6,hrt,0,12,12,0
2012,7,red_bull,164,1,1,2
2012,7,mclaren,133,2,2,2
2012,7,lotus_f1,108,3,3,0
2012,7,ferrari,97,4,4,1
2012,7,mercedes,69,5,5,1
2012,7,sauber,58,6,6,0
2012,7,williams,44,7,7,1
2012,7,force_india,28,8,8,0
2012,7,toro_rosso,6,9,9,0
2012,7,caterham,0,10,10,0
2012,7,marussia,0,11,11,0
2012,7,hrt,0,12,12,0
2012,8,red_bull,176,1,1,2
2012,8,mclaren,137,2,2,2
2012,8,lotus_f1,126,3,3,0
2012,8,ferrari,122,4,4,2
2012,8,mercedes,92,5,5,1
2012,8,sauber,60,6,6,0
2012,8,williams,45,7,7,1
2012,8,force_india,44,8,8,0
2012,8,toro_rosso,6,9,9,0
2012,8,caterham,0,10,10,0
2012,8,marussia,0,11,11,0
2012,8,hrt,0,12,12,0
2012,9,red_bull,216,1,1,3
2012,9,ferrari,152,2,2,2
2012,9,lotus_f1,144,3,3,0
2012,9,mclaren,142,4,4,2
2012,9,mercedes,98,5,5,1
2012,9,sauber,60,6,6,0
2012,9,williams,47,7,7,1
2012,9,force_india,44,8,8,0
2012,9,toro_rosso,6,9,9,0
2012,9,caterham,0,10,10,0
2012,9,marussia,0,11,11,0
2012,9,hrt,0,12,12,0
2012,10,red_bull,230,1,1,3
2012,10,ferrari,177,2,2,3
2012,10,mclaren,160,3,3,2
2012,10,lotus_f1,159,4,4,0
2012,10,mercedes,105,5,5,1
2012,10,sauber,80,6,6,0
2012,10,williams,47,7,7,1
2012,10,force_india,46,8,8,0
2012,10,toro_rosso,6,9,9,0
2012,10,caterham,0,10,10,0
2012,10,marussia,0,11,11,0
2012,10,hrt,0,12,12,0
2012,11,red_bull,246,1,1,3
2012,11,mclaren,193,2,2,3
2012,11,lotus_f1,192,3,3,0
2012,11,ferrari,189,4,4,3
2012,11,mercedes,106,5,5,1
2012,11,sauber,80,6,6,0
2012,11,williams,53,7,7,1
2012,11,force_india,46,8,8,0
2012,11,toro_rosso,6,9,9,0
2012,11,caterham,0,10,10,0
2012,11,marussia,0,11,11,0
2012,11,hrt,0,12,12,0
2012,12,red_bull,272,1,1,3
2012,12,mclaren,218,2,2,4
2012,12,lotus_f1,207,3,3,0
2012,12,ferrari,199,4,4,3
2012,12,mercedes,112,5,5,1
2012,12,sauber,80,6,6,0
2012,12,force_india,59,7,7,0
2012,12,williams,53,8,8,1
2012,12,toro_rosso,12,9,9,0
2012,12,caterham,0,10,10,0
2012,12,marussia,0,11,11,0
2012,12,hrt,0,12,12,0
2012,13,red_bull,272,1,1,3
2012,13,mclaren,243,2,2,5
2012,13,ferrari,226,3,3,3
2012,13,lotus_f1,217,4,4,0
2012,13,mercedes,126,5,5,1
2012,13,sauber,100,6,6,0
2012,13,force_india,63,7,7,0
2012,13,williams,54,8,8,1
2012,13,toro_rosso,12,9,9,0
2012,13,caterham,0,10,10,0
2012,13,marussia,0,11,11,0
2012,13,hrt,0,12,12,0
2012,14,red_bull,297,1,1,4
2012,14,mclaren,261,2,2,5
2012,14,ferrari,245,3,3,3
2012,14,lotus_f1,231,4,4,0
2012,14,mercedes,136,5,5,1
2012,14,sauber,101,6,6,0
2012,14,force_india,75,7,7,0
2012,14,williams,54,8,8,1
2012,14,toro_rosso,14,9,9,0
2012,14,marussia,0,10,10,0
2012,14,caterham,0,11,11,0
2012,14,hrt,0,12,12,0
2012,15,red_bull,324,1,1,5
2012,15,mclaren,283,2,2,5
2012,15,ferrari,263,3,3,3
2012,15,lotus_f1,239,4,4,0
2012,15,mercedes,136,5,5,1
2012,15,sauber,116,6,6,0
2012,15,force_india,81,7,7,0
2012,15,williams,58,8,8,1
2012,15,toro_rosso,15,9,9,0
2012,15,marussia,0,10,10,0
2012,15,caterham,0,11,11,0
2012,15,hrt,0,12,12,0
2012,16,red_bull,367,1,1,6
2012,16,ferrari,290,2,2,3
2012,16,mclaren,284,3,3,5
2012,16,lotus_f1,255,4,4,0
2012,16,mercedes,136,5,5,1
2012,16,sauber,116,6,6,0
2012,16,force_india,89,7,7,0
2012,16,williams,58,8,8,1
2012,16,toro_rosso,21,9,9,0
2012,16,marussia,0,10,10,0
2012,16,caterham,0,11,11,0
2012,16,hrt,0,12,12,0
2012,17,red_bull,407,1,1,7
2012,17,ferrari,316,2,2,3
2012,17,mclaren,306,3,3,5
2012,17,lotus_f1,263,4,4,0
2012,17,mercedes,136,5,5,1
2012,17,sauber,116,6,6,0
2012,17,force_india,93,7,7,0
2012,17,williams,59,8,8,1
2012,17,toro_rosso,21,9,9,0
2012,17,marussia,0,10,10,0
2012,17,caterham,0,11,11,0
2012,17,hrt,0,12,12,0
2012,18,red_bull,422,1,1,7
2012,18,ferrari,340,2,2,3
2012,18,mclaren,318,3,3,5
2012,18,lotus_f1,288,4,4,1
2012,18,mercedes,136,5,5,1
2012,18,sauber,124,6,6,0
2012,18,force_india,95,7,7,0
2012,18,williams,73,8,8,1
2012,18,toro_rosso,22,9,9,0
2012,18,marussia,0,10,10,0
2012,18,caterham,0,11,11,0
2012,18,hrt,0,12,12,0
2012,19,red_bull,440,1,1,7
2012,19,ferrari,367,2,2,3
2012,19,mclaren,353,3,3,6
2012,19,lotus_f1,302,4,4,1
2012,19,mercedes,136,5,5,1
2012,19,sauber,124,6,6,0
2012,19,force_india,99,7,7,0
2012,19,williams,76,8,8,1
2012,19,toro_rosso,22,9,9,0
2012,19,marussia,0,10,10,0
2012,19,caterham,0,11,11,0
2012,19,hrt,0,12,12,0
2012,20,red_bull,460,1,1,7
2012,20,ferrari,400,2,2,3
2012,20,mclaren,378,3,3,7
2012,20,lotus_f1,303,4,4,1
2012,20,mercedes,142,5,5,1
2012,20,sauber,126,6,6,0
2012,20,force_india,109,7,7,0
2012,20,williams,76,8,8,1
2012,20,toro_rosso,26,9,9,0
2012,20,caterham,0,10,10,0
2012,20,marussia,0,11,11,0
2012,20,hrt,0,12,12,0
2013,1,ferrari,30,1,1,0
2013,1,lotus_f1,26,2,2,1
2013,1,red_bull,23,3,3,0
2013,1,mercedes,10,4,4,0
2013,1,force_india,10,5,5,0
2013,1,mclaren,2,6,6,0
2013,1,toro_rosso,0,7,7,0
2013,1,sauber,0,8,8,0
2013,1,williams,0,9,9,0
2013,1,marussia,0,10,10,0
2013,1,caterham,0,11,11,0
2013,2,red_bull,66,1,1,1
2013,2,lotus_f1,40,2,2,1
2013,2,ferrari,40,3,3,0
2013,2,mercedes,37,4,4,0
2013,2,force_india,10,5,5,0
2013,2,sauber,4,6,6,0
2013,2,mclaren,4,7,7,0
2013,2,toro_rosso,1,8,8,0
2013,2,williams,0,9,9,0
2013,2,marussia,0,10,10,0
2013,2,caterham,0,11,11,0
2013,3,red_bull,78,1,1,1
2013,3,ferrari,73,2,2,1
2013,3,lotus_f1,60,3,3,1
2013,3,mercedes,52,4,4,0
2013,3,mclaren,14,5,5,0
2013,3,force_india,14,6,6,0
2013,3,toro_rosso,7,7,7,0
2013,3,sauber,5,8,8,0
2013,3,williams,0,9,9,0
2013,3,marussia,0,10,10,0
2013,3,caterham,0,11,11,0
2013,4,red_bull,109,1,1,2
2013,4,lotus_f1,93,2,2,1
2013,4,ferrari,77,3,3,1
2013,4,mercedes,64,4,4,0
2013,4,force_india,26,5,5,0
2013,4,mclaren,23,6,6,0
2013,4,toro_rosso,7,7,7,0
2013,4,sauber,5,8,8,0
2013,4,williams,0,9,9,0
2013,4,marussia,0,10,10,0
2013,4,caterham,0,11,11,0
2013,5,red_bull,131,1,1,2
2013,5,ferrari,117,2,2,2
2013,5,lotus_f1,111,3,3,1
2013,5,mercedes,72,4,4,0
2013,5,force_india,32,5,5,0
2013,5,mclaren,29,6,6,0
2013,5,toro_rosso,8,7,7,0
2013,5,sauber,5,8,8,0
2013,5,williams,0,9,9,0
2013,5,marussia,0,10,10,0
2013,5,caterham,0,11,11,0
2013,6,red_bull,164,1,1,2
2013,6,ferrari,123,2,2,2
2013,6,lotus_f1,112,3,3,1
2013,6,mercedes,109,4,4,1
2013,6,force_india,44,5,5,0
2013,6,mclaren,37,6,6,0
2013,6,toro_rosso,12,7,7,0
2013,6,sauber,5,8,8,0
2013,6,williams,0,9,9,0
2013,6,marussia,0,10,10,0
2013,6,caterham,0,11,11,0
2013,7,red_bull,201,1,1,3
2013,7,ferrari,145,2,2,2
2013,7,mercedes,134,3,3,1
2013,7,lotus_f1,114,4,4,1
2013,7,force_india,51,5,5,0
2013,7,mclaren,37,6,6,0
2013,7,toro_rosso,20,7,7,0
2013,7,sauber,5,8,8,0
2013,7,williams,0,9,9,0
2013,7,marussia,0,10,10,0
2013,7,caterham,0,11,11,0
2013,8,red_bull,219,1,1,3
2013,8,mercedes,171,2,2,2
2013,8,ferrari,168,3,3,2
2013,8,lotus_f1,124,4,4,1
2013,8,force_india,59,5,5,0
2013,8,mclaren,37,6,6,0
2013,8,toro_rosso,24,7,7,0
2013,8,sauber,6,8,8,0
2013,8,williams,0,9,9,0
2013,8,marussia,0,10,10,0
2013,8,caterham,0,11,11,0
2013,9,red_bull,250,1,1,4
2013,9,mercedes,183,2,2,2
2013,9,ferrari,180,3,3,2
2013,9,lotus_f1,157,4,4,1
2013,9,force_india,59,5,5,0
2013,9,mclaren,49,6,6,0
2013,9,toro_rosso,24,7,7,0
2013,9,sauber,7,8,8,0
2013,9,williams,0,9,9,0
2013,9,marussia,0,10,10,0
2013,9,caterham,0,11,11,0
2013,10,red_bull,277,1,1,4
2013,10,mercedes,208,2,2,3
2013,10,ferrari,194,3,3,2
2013,10,lotus_f1,183,4,4,1
2013,10,force_india,59,5,5,0
2013,10,mclaren,57,6,6,0
2013,10,toro_rosso,24,7,7,0
2013,10,sauber,7,8,8,0
2013,10,williams,1,9,9,0
2013,10,marussia,0,10,10,0
2013,10,caterham,0,11,11,0
2013,11,red_bull,312,1,1,5
2013,11,mercedes,235,2,2,3
2013,11,ferrari,218,3,3,2
2013,11,lotus_f1,187,4,4,1
2013,11,mclaren,65,5,5,0
2013,11,force_india,61,6,6,0
2013,11,toro_rosso,25,7,7,0
2013,11,sauber,7,8,8,0
2013,11,williams,1,9,9,0
2013,11,marussia,0,10,10,0
2013,11,caterham,0,11,11,0
2013,12,red_bull,352,1,1,6
2013,12,ferrari,248,2,2,2
2013,12,mercedes,245,3,3,3
2013,12,lotus_f1,191,4,4,1
2013,12,mclaren,66,5,5,0
2013,12,force_india,61,6,6,0
2013,12,toro_rosso,31,7,7,0
2013,12,sauber,17,8,8,0
2013,12,williams,1,9,9,0
2013,12,marussia,0,10,10,0
2013,12,caterham,0,11,11,0
2013,13,red_bull,377,1,1,7
2013,13,ferrari,274,2,2,2
2013,13,mercedes,267,3,3,3
2013,13,lotus_f1,206,4,4,1
2013,13,mclaren,76,5,5,0
2013,13,force_india,62,6,6,0
2013,13,toro_rosso,31,7,7,0
2013,13,sauber,19,8,8,0
2013,13,williams,1,9,9,0
2013,13,marussia,0,10,10,0
2013,13,caterham,0,11,11,0
2013,14,red_bull,402,1,1,8
2013,14,ferrari,284,2,2,2
2013,14,mercedes,283,3,3,3
2013,14,lotus_f1,239,4,4,1
2013,14,mclaren,81,5,5,0
2013,14,force_india,62,6,6,0
2013,14,sauber,31,7,7,0
2013,14,toro_rosso,31,8,8,0
2013,14,williams,1,9,9,0
2013,14,marussia,0,10,10,0
2013,14,caterham,0,11,11,0
2013,15,red_bull,445,1,1,9
2013,15,ferrari,297,2,2,2
2013,15,mercedes,287,3,3,3
2013,15,lotus_f1,264,4,4,1
2013,15,mclaren,83,5,5,0
2013,15,force_india,62,6,6,0
2013,15,sauber,45,7,7,0
2013,15,toro_rosso,31,8,8,0
2013,15,williams,1,9,9,0
2013,15,marussia,0,10,10,0
2013,15,caterham,0,11,11,0
2013,16,red_bull,470,1,1,10
2013,16,mercedes,313,2,2,3
2013,16,ferrari,309,3,3,2
2013,16,lotus_f1,285,4,4,1
2013,16,mclaren,93,5,5,0
2013,16,force_india,68,6,6,0
2013,16,sauber,45,7,7,0
2013,16,toro_rosso,32,8,8,0
2013,16,williams,1,9,9,0
2013,16,marussia,0,10,10,0
2013,16,caterham,0,11,11,0
2013,17,red_bull,513,1,1,11
2013,17,mercedes,334,2,2,3
2013,17,ferrari,323,3,3,2
2013,17,lotus_f1,297,4,4,1
2013,17,mclaren,95,5,5,0
2013,17,force_india,77,6,6,0
2013,17,sauber,45,7,7,0
2013,17,toro_rosso,32,8,8,0
2013,17,williams,1,9,9,0
2013,17,marussia,0,10,10,0
2013,17,caterham,0,11,11,0
2013,18,red_bull,553,1,1,12
2013,18,mercedes,348,2,2,3
2013,18,ferrari,333,3,3,2
2013,18,lotus_f1,315,4,4,1
2013,18,mclaren,102,5,5,0
2013,18,force_india,77,6,6,0
2013,18,sauber,53,7,7,0
2013,18,toro_rosso,32,8,8,0
2013,18,williams,5,9,9,0
2013,18,marussia,0,10,10,0
2013,18,caterham,0,11,11,0
2013,19,red_bull,596,1,1,13
2013,19,mercedes,360,2,2,3
2013,19,ferrari,354,3,3,2
2013,19,lotus_f1,315,4,4,1
2013,19,mclaren,122,5,5,0
2013,19,force_india,77,6,6,0
2013,19,sauber,57,7,7,0
2013,19,toro_rosso,33,8,8,0
2013,19,williams,5,9,9,0
2013,19,marussia,0,10,10,0
2013,19,caterham,0,11,11,0
2014,1,mclaren,33,1,1,0
2014,1,mercedes,25,2,2,1
2014,1,ferrari,18,3,3,0
2014,1,williams,10,4,4,0
2014,1,force_india,9,5,5,0
2014,1,toro_rosso,6,6,6,0
2014,1,sauber,0,7,7,0
2014,1,marussia,0,8,8,0
2014,1,lotus_f1,0,9,9,0
2014,1,caterham,0,10,10,0
2014,1,red_bull,0,11,11,0
2014,2,mercedes,68,1,1,2
2014,2,mclaren,43,2,2,0
2014,2,ferrari,30,3,3,0
2014,2,williams,20,4,4,0
2014,2,force_india,19,5,5,0
2014,2,red_bull,15,6,6,0
2014,2,toro_rosso,7,7,7,0
2014,2,sauber,0,8,8,0
2014,2,lotus_f1,0,9,9,0
2014,2,caterham,0,10,10,0
2014,2,marussia,0,11,11,0
2014,3,mercedes,111,1,1,3
2014,3,force_india,44,2,2,0
2014,3,mclaren,43,3,3,0
2014,3,red_bull,35,4,4,0
2014,3,ferrari,33,5,5,0
2014,3,williams,30,6,6,0
2014,3,toro_rosso,7,7,7,0
2014,3,lotus_f1,0,8,8,0
2014,3,sauber,0,9,9,0
2014,3,marussia,0,10,10,0
2014,3,caterham,0,11,11,0
2014,4,mercedes,154,1,1,4
2014,4,red_bull,57,2,2,0
2014,4,force_india,54,3,3,0
2014,4,ferrari,52,4,4,0
2014,4,mclaren,43,5,5,0
2014,4,williams,36,6,6,0
2014,4,toro_rosso,8,7,7,0
2014,4,lotus_f1,0,8,8,0
2014,4,sauber,0,9,9,0
2014,4,marussia,0,10,10,0
2014,4,caterham,0,11,11,0
2014,5,mercedes,197,1,1,5
2014,5,red_bull,84,2,2,0
2014,5,ferrari,66,3,3,0
2014,5,force_india,57,4,4,0
2014,5,williams,46,5,5,0
2014,5,mclaren,43,6,6,0
2014,5,toro_rosso,8,7,7,0
2014,5,lotus_f1,4,8,8,0
2014,5,sauber,0,9,9,0
2014,5,marussia,0,10,10,0
2014,5,caterham,0,11,11,0
2014,6,mercedes,240,1,1,6
2014,6,red_bull,99,2,2,0
2014,6,ferrari,78,3,3,0
2014,6,force_india,67,4,4,0
2014,6,mclaren,52,5,5,0
2014,6,williams,52,6,6,0
2014,6,lotus_f1,8,7,7,0
2014,6,toro_rosso,8,8,8,0
2014,6,marussia,2,9,9,0
2014,6,sauber,0,10,10,0
2014,6,caterham,0,11,11,0
2014,7,mercedes,258,1,1,6
2014,7,red_bull,139,2,2,1
2014,7,ferrari,87,3,3,0
2014,7,force_india,77,4,4,0
2014,7,mclaren,66,5,5,0
2014,7,williams,58,6,6,0
2014,7,toro_rosso,12,7,7,0
2014,7,lotus_f1,8,8,8,0
2014,7,marussia,2,9,9,0
2014,7,sauber,0,10,10,0
2014,7,caterham,0,11,11,0
2014,8,mercedes,301,1,1,7
2014,8,red_bull,143,2,2,1
2014,8,ferrari,98,3,3,0
2014,8,force_india,87,4,4,0
2014,8,williams,85,5,5,0
2014,8,mclaren,72,6,6,0
2014,8,toro_rosso,12,7,7,0
2014,8,lotus_f1,8,8,8,0
2014,8,marussia,2,9,9,0
2014,8,sauber,0,10,10,0
2014,8,caterham,0,11,11,0
2014,9,mercedes,326,1,1,8
2014,9,red_bull,168,2,2,1
2014,9,ferrari,106,3,3,0
2014,9,williams,103,4,4,0
2014,9,force_india,91,5,5,0
2014,9,mclaren,90,6,6,0
2014,9,toro_rosso,15,7,7,0
2014,9,lotus_f1,8,8,8,0
2014,9,marussia,2,9,9,0
2014,9,sauber,0,10,10,0
2014,9,caterham,0,11,11,0
2014,10,mercedes,366,1,1,9
2014,10,red_bull,188,2,2,1
2014,10,williams,121,3,3,0
2014,10,ferrari,116,4,4,0
2014,10,force_india,98,5,5,0
2014,10,mclaren,96,6,6,0
2014,10,toro_rosso,15,7,7,0
2014,10,lotus_f1,8,8,8,0
2014,10,marussia,2,9,9,0
2014,10,sauber,0,10,10,0
2014,10,caterham,0,11,11,0
2014,11,mercedes,393,1,1,9
2014,11,red_bull,219,2,2,2
2014,11,ferrari,142,3,3,0
2014,11,williams,135,4,4,0
2014,11,force_india,98,5,5,0
2014,11,mclaren,97,6,6,0
2014,11,toro_rosso,17,7,7,0
2014,11,lotus_f1,8,8,8,0
2014,11,marussia,2,9,9,0
2014,11,sauber,0,10,10,0
2014,11,caterham,0,11,11,0
2014,12,mercedes,411,1,1,9
2014,12,red_bull,254,2,2,3
2014,12,ferrari,160,3,3,0
2014,12,williams,150,4,4,0
2014,12,mclaren,105,5,5,0
2014,12,force_india,103,6,6,0
2014,12,toro_rosso,19,7,7,0
2014,12,lotus_f1,8,8,8,0
2014,12,marussia,2,9,9,0
2014,12,sauber,0,10,10,0
2014,12,caterham,0,11,11,0
2014,13,mercedes,454,1,1,10
2014,13,red_bull,272,2,2,3
2014,13,williams,177,3,3,0
2014,13,ferrari,162,4,4,0
2014,13,mclaren,110,5,5,0
2014,13,force_india,109,6,6,0
2014,13,toro_rosso,19,7,7,0
2014,13,lotus_f1,8,8,8,0
2014,13,marussia,2,9,9,0
2014,13,sauber,0,10,10,0
2014,13,caterham,0,11,11,0
2014,14,mercedes,479,1,1,11
2014,14,red_bull,305,2,2,3
2014,14,williams,187,3,3,0
2014,14,ferrari,178,4,4,0
2014,14,force_india,117,5,5,0
2014,14,mclaren,111,6,6,0
2014,14,toro_rosso,27,7,7,0
2014,14,lotus_f1,8,8,8,0
2014,14,marussia,2,9,9,0
2014,14,sauber,0,10,10,0
2014,14,caterham,0,11,11,0
2014,15,mercedes,522,1,1,12
2014,15,red_bull,332,2,2,3
2014,15,williams,201,3,3,0
2014,15,ferrari,178,4,4,0
2014,15,force_india,122,5,5,0
2014,15,mclaren,121,6,6,0
2014,15,toro_rosso,29,7,7,0
2014,15,lotus_f1,8,8,8,0
2014,15,marussia,2,9,9,0
2014,15,sauber,0,10,10,0
2014,15,caterham,0,11,11,0
2014,16,mercedes,565,1,1,13
2014,16,red_bull,342,2,2,3
2014,16,williams,216,3,3,0
2014,16,ferrari,188,4,4,0
2014,16,mclaren,143,5,5,0
2014,16,force_india,123,6,6,0
2014,16,toro_rosso,29,7,7,0
2014,16,lotus_f1,8,8,8,0
2014,16,marussia,2,9,9,0
2014,16,sauber,0,10,10,0
2014,16,caterham,0,11,11,0
2014,17,mercedes,608,1,1,14
2014,17,red_bull,363,2,2,3
2014,17,williams,238,3,3,0
2014,17,ferrari,196,4,4,0
2014,17,mclaren,147,5,5,0
2014,17,force_india,123,6,6,0
2014,17,toro_rosso,30,7,7,0
2014,17,lotus_f1,10,8,8,0
2014,17,marussia,2,9,9,0
2014,17,sauber,0,10,10,0
2014,17,caterham,0,11,11,0
2014,18,mercedes,651,1,1,15
2014,18,red_bull,373,2,2,3
2014,18,williams,254,3,3,0
2014,18,ferrari,210,4,4,0
2014,18,mclaren,161,5,5,0
2014,18,force_india,127,6,6,0
2014,18,toro_rosso,30,7,7,0
2014,18,lotus_f1,10,8,8,0
2014,18,marussia,2,9,9,0
2014,18,sauber,0,10,10,0
2014,18,caterham,0,11,11,0
2014,19,mercedes,701,1,1,16
2014,19,red_bull,405,2,2,3
2014,19,williams,320,3,3,0
2014,19,ferrari,216,4,4,0
2014,19,mclaren,181,5,5,0
2014,19,force_india,155,6,6,0
2014,19,toro_rosso,30,7,7,0
2014,19,lotus_f1,10,8,8,0
2014,19,marussia,2,9,9,0
2014,19,sauber,0,10,10,0
2014,19,caterham,0,11,11,0
2015,1,mercedes,43,1,1,1
2015,1,ferrari,15,2,2,0
2015,1,sauber,14,3,3,0
2015,1,williams,12,4,4,0
2015,1,red_bull,8,5,5,0
2015,1,force_india,7,6,6,0
2015,1,toro_rosso,2,7,7,0
2015,1,mclaren,0,8,8,0
2015,1,lotus_f1,0,9,9,0
2015,2,mercedes,76,1,1,1
2015,2,ferrari,52,2,2,1
2015,2,williams,30,3,3,0
2015,2,sauber,14,4,4,0
2015,2,toro_rosso,12,5,5,0
2015,2,red_bull,11,6,6,0
2015,2,force_india,7,7,7,0
2015,2,lotus_f1,0,8,8,0
2015,2,mclaren,0,9,9,0
2015,2,manor,0,10,10,0
2015,3,mercedes,119,1,1,2
2015,3,ferrari,79,2,2,1
2015,3,williams,48,3,3,0
2015,3,sauber,19,4,4,0
2015,3,red_bull,13,5,5,0
2015,3,toro_rosso,12,6,6,0
2015,3,force_india,7,7,7,0
2015,3,lotus_f1,6,8,8,0
2015,3,mclaren,0,9,9,0
2015,3,manor,0,10,10,0
2015,4,mercedes,159,1,1,3
2015,4,ferrari,107,2,2,1
2015,4,williams,61,3,3,0
2015,4,red_bull,23,4,4,0
2015,4,sauber,19,5,5,0
2015,4,lotus_f1,12,6,6,0
2015,4,toro_rosso,12,7,7,0
2015,4,force_india,11,8,8,0
2015,4,mclaren,0,9,9,0
2015,4,manor,0,10,10,0
2015,5,mercedes,202,1,1,4
2015,5,ferrari,132,2,2,1
2015,5,williams,81,3,3,0
2015,5,red_bull,30,4,4,0
2015,5,sauber,19,5,5,0
2015,5,lotus_f1,16,6,6,0
2015,5,toro_rosso,14,7,7,0
2015,5,force_india,11,8,8,0
2015,5,mclaren,0,9,9,0
2015,5,manor,0,10,10,0
2015,6,mercedes,242,1,1,5
2015,6,ferrari,158,2,2,1
2015,6,williams,81,3,3,0
2015,6,red_bull,52,4,4,0
2015,6,sauber,21,5,5,0
2015,6,force_india,17,6,6,0
2015,6,lotus_f1,16,7,7,0
2015,6,toro_rosso,15,8,8,0
2015,6,mclaren,4,9,9,0
2015,6,manor,0,10,10,0
2015,7,mercedes,285,1,1,6
2015,7,ferrari,180,2,2,1
2015,7,williams,104,3,3,0
2015,7,red_bull,54,4,4,0
2015,7,lotus_f1,23,5,5,0
2015,7,sauber,21,6,6,0
2015,7,force_india,21,7,7,0
2015,7,toro_rosso,15,8,8,0
2015,7,mclaren,4,9,9,0
2015,7,manor,0,10,10,0
2015,8,mercedes,328,1,1,7
2015,8,ferrari,192,2,2,1
2015,8,williams,129,3,3,0
2015,8,red_bull,55,4,4,0
2015,8,force_india,31,5,5,0
2015,8,lotus_f1,29,6,6,0
2015,8,sauber,21,7,7,0
2015,8,toro_rosso,19,8,8,0
2015,8,mclaren,4,9,9,0
2015,8,manor,0,10,10,0
2015,9,mercedes,371,1,1,8
2015,9,ferrari,211,2,2,1
2015,9,williams,151,3,3,0
2015,9,red_bull,63,4,4,0
2015,9,force_india,39,5,5,0
2015,9,lotus_f1,29,6,6,0
2015,9,sauber,21,7,7,0
2015,9,toro_rosso,19,8,8,0
2015,9,mclaren,5,9,9,0
2015,9,manor,0,10,10,0
2015,10,mercedes,383,1,1,8
2015,10,ferrari,236,2,2,2
2015,10,williams,151,3,3,0
2015,10,red_bull,96,4,4,0
2015,10,force_india,39,5,5,0
2015,10,lotus_f1,35,6,6,0
2015,10,toro_rosso,31,7,7,0
2015,10,sauber,22,8,8,0
2015,10,mclaren,17,9,9,0
2015,10,manor,0,10,10,0
2015,11,mercedes,426,1,1,9
2015,11,ferrari,242,2,2,2
2015,11,williams,161,3,3,0
2015,11,red_bull,108,4,4,0
2015,11,lotus_f1,50,5,5,0
2015,11,force_india,49,6,6,0
2015,11,toro_rosso,35,7,7,0
2015,11,sauber,23,8,8,0
2015,11,mclaren,17,9,9,0
2015,11,manor,0,10,10,0
2015,12,mercedes,451,1,1,10
2015,12,ferrari,270,2,2,2
2015,12,williams,188,3,3,0
2015,12,red_bull,113,4,4,0
2015,12,force_india,63,5,5,0
2015,12,lotus_f1,50,6,6,0
2015,12,toro_rosso,35,7,7,0
2015,12,sauber,25,8,8,0
2015,12,mclaren,17,9,9,0
2015,12,manor,0,10,10,0
2015,13,mercedes,463,1,1,10
2015,13,ferrari,310,2,2,3
2015,13,williams,198,3,3,0
2015,13,red_bull,139,4,4,0
2015,13,force_india,69,5,5,0
2015,13,lotus_f1,50,6,6,0
2015,13,toro_rosso,41,7,7,0
2015,13,sauber,26,8,8,0
2015,13,mclaren,17,9,9,0
2015,13,manor,0,10,10,0
2015,14,mercedes,506,1,1,11
2015,14,ferrari,337,2,2,3
2015,14,williams,208,3,3,0
2015,14,red_bull,139,4,4,0
2015,14,force_india,77,5,5,0
2015,14,lotus_f1,60,6,6,0
2015,14,toro_rosso,44,7,7,0
2015,14,sauber,26,8,8,0
2015,14,mclaren,17,9,9,0
2015,14,manor,0,10,10,0
2015,15,mercedes,531,1,1,12
2015,15,ferrari,359,2,2,3
2015,15,williams,220,3,3,0
2015,15,red_bull,149,4,4,0
2015,15,force_india,92,5,5,0
2015,15,lotus_f1,66,6,6,0
2015,15,toro_rosso,45,7,7,0
2015,15,sauber,34,8,8,0
2015,15,mclaren,19,9,9,0
2015,15,manor,0,10,10,0
2015,16,mercedes,574,1,1,13
2015,16,ferrari,374,2,2,3
2015,16,williams,220,3,3,0
2015,16,red_bull,150,4,4,0
2015,16,force_india,102,5,5,0
2015,16,lotus_f1,70,6,6,0
2015,16,toro_rosso,63,7,7,0
2015,16,sauber,36,8,8,0
2015,16,mclaren,27,9,9,0
2015,16,manor,0,10,10,0
2015,17,mercedes,617,1,1,14
2015,17,ferrari,374,2,2,3
2015,17,williams,243,3,3,0
2015,17,red_bull,172,4,4,0
2015,17,force_india,112,5,5,0
2015,17,lotus_f1,71,6,6,0
2015,17,toro_rosso,65,7,7,0
2015,17,sauber,36,8,8,0
2015,17,mclaren,27,9,9,0
2015,17,manor,0,10,10,0
2015,18,mercedes,660,1,1,15
2015,18,ferrari,401,2,2,3
2015,18,williams,253,3,3,0
2015,18,red_bull,178,4,4,0
2015,18,force_india,120,5,5,0
2015,18,lotus_f1,76,6,6,0
2015,18,toro_rosso,67,7,7,0
2015,18,sauber,36,8,8,0
2015,18,mclaren,27,9,9,0
2015,18,manor,0,10,10,0
2015,19,mercedes,703,1,1,16
2015,19,ferrari,428,2,2,3
2015,19,williams,257,3,3,0
2015,19,red_bull,187,4,4,0
2015,19,force_india,136,5,5,0
2015,19,lotus_f1,78,6,6,0
2015,19,toro_rosso,67,7,7,0
2015,19,sauber,36,8,8,0
2015,19,mclaren,27,9,9,0
2015,19,manor,0,10,10,0
2016,1,mercedes,43,1,1,1
2016,1,ferrari,15,2,2,0
2016,1,williams,14,3,3,0
2016,1,red_bull,12,4,4,0
2016,1,haas,8,5,5,0
2016,1,force_india,6,6,6,0
2016,1,toro_rosso,3,7,7,0
2016,1,renault,0,8,8,0
2016,1,mclaren,0,9,9,0
2016,1,sauber,0,10,10,0
2016,1,manor,0,11,11,0
2016,2,mercedes,83,1,1,2
2016,2,ferrari,33,2,2,0
2016,2,red_bull,30,3,3,0
2016,2,williams,20,4,4,0
2016,2,haas,18,5,5,0
2016,2,toro_rosso,11,6,6,0
2016,2,force_india,6,7,7,0
2016,2,mclaren,1,8,8,0
2016,2,renault,0,9,9,0
2016,2,sauber,0,10,10,0
2016,2,manor,0,11,11,0
2016,3,mercedes,114,1,1,3
2016,3,ferrari,61,2,2,0
2016,3,red_bull,57,3,3,0
2016,3,williams,29,4,4,0
2016,3,haas,18,5,5,0
2016,3,toro_rosso,17,6,6,0
2016,3,force_india,6,7,7,0
2016,3,mclaren,1,8,8,0
2016,3,renault,0,9,9,0
2016,3,sauber,0,10,10,0
2016,3,manor,0,11,11,0
2016,4,mercedes,157,1,1,4
2016,4,ferrari,76,2,2,0
2016,4,red_bull,57,3,3,0
2016,4,williams,51,4,4,0
2016,4,haas,22,5,5,0
2016,4,toro_rosso,17,6,6,0
2016,4,mclaren,10,7,7,0
2016,4,force_india,8,8,8,0
2016,4,renault,6,9,9,0
2016,4,sauber,0,10,10,0
2016,4,manor,0,11,11,0
2016,5,mercedes,157,1,1,4
2016,5,ferrari,109,2,2,0
2016,5,red_bull,94,3,3,1
2016,5,williams,65,4,4,0
2016,5,toro_rosso,26,5,5,0
2016,5,haas,22,6,6,0
2016,5,force_india,14,7,7,0
2016,5,mclaren,12,8,8,0
2016,5,renault,6,9,9,0
2016,5,sauber,0,10,10,0
2016,5,manor,0,11,11,0
2016,6,mercedes,188,1,1,5
2016,6,ferrari,121,2,2,0
2016,6,red_bull,112,3,3,1
2016,6,williams,66,4,4,0
2016,6,force_india,37,5,5,0
2016,6,toro_rosso,30,6,6,0
2016,6,mclaren,24,7,7,0
2016,6,haas,22,8,8,0
2016,6,renault,6,9,9,0
2016,6,sauber,0,10,10,0
2016,6,manor,0,11,11,0
2016,7,mercedes,223,1,1,6
2016,7,ferrari,147,2,2,0
2016,7,red_bull,130,3,3,1
2016,7,williams,81,4,4,0
2016,7,force_india,42,5,5,0
2016,7,toro_rosso,32,6,6,0
2016,7,mclaren,24,7,7,0
2016,7,haas,22,8,8,0
2016,7,renault,6,9,9,0
2016,7,sauber,0,10,10,0
2016,7,manor,0,11,11,0
2016,8,mercedes,258,1,1,7
2016,8,ferrari,177,2,2,0
2016,8,red_bull,140,3,3,1
2016,8,williams,90,4,4,0
2016,8,force_india,59,5,5,0
2016,8,toro_rosso,32,6,6,0
2016,8,mclaren,24,7,7,0
2016,8,haas,22,8,8,0
2016,8,renault,6,9,9,0
2016,8,sauber,0,10,10,0
2016,8,manor,0,11,11,0
2016,9,mercedes,295,1,1,8
2016,9,ferrari,192,2,2,0
2016,9,red_bull,168,3,3,1
2016,9,williams,92,4,4,0
2016,9,force_india,59,5,5,0
2016,9,toro_rosso,36,6,6,0
2016,9,mclaren,32,7,7,0
2016,9,haas,28,8,8,0
2016,9,renault,6,9,9,0
2016,9,manor,1,10,10,0
2016,9,sauber,0,11,11,0
2016,10,mercedes,335,1,1,9
2016,10,ferrari,204,2,2,0
2016,10,red_bull,198,3,3,1
2016,10,williams,92,4,4,0
2016,10,force_india,73,5,5,0
2016,10,toro_rosso,41,6,6,0
2016,10,mclaren,32,7,7,0
2016,10,haas,28,8,8,0
2016,10,renault,6,9,9,0
2016,10,manor,1,10,10,0
2016,10,sauber,0,11,11,0
2016,11,mercedes,378,1,1,10
2016,11,ferrari,224,2,2,0
2016,11,red_bull,223,3,3,1
2016,11,williams,94,4,4,0
2016,11,force_india,74,5,5,0
2016,11,toro_rosso,45,6,6,0
2016,11,mclaren,38,7,7,0
2016,11,haas,28,8,8,0
2016,11,renault,6,9,9,0
2016,11,manor,1,10,10,0
2016,11,sauber,0,11,11,0
2016,12,mercedes,415,1,1,11
2016,12,red_bull,256,2,2,1
2016,12,ferrari,242,3,3,0
2016,12,williams,96,4,4,0
2016,12,force_india,81,5,5,0
2016,12,toro_rosso,45,6,6,0
2016,12,mclaren,42,7,7,0
2016,12,haas,28,8,8,0
2016,12,renault,6,9,9,0
2016,12,manor,1,10,10,0
2016,12,sauber,0,11,11,0
2016,13,mercedes,455,1,1,12
2016,13,red_bull,274,2,2,1
2016,13,ferrari,252,3,3,0
2016,13,force_india,103,4,4,0
2016,13,williams,101,5,5,0
2016,13,mclaren,48,6,6,0
2016,13,toro_rosso,45,7,7,0
2016,13,haas,28,8,8,0
2016,13,renault,6,9,9,0
2016,13,manor,1,10,10,0
2016,13,sauber,0,11,11,0
2016,14,mercedes,498,1,1,13
2016,14,red_bull,290,2,2,1
2016,14,ferrari,279,3,3,0
2016,14,williams,111,4,4,0
2016,14,force_india,108,5,5,0
2016,14,mclaren,48,6,6,0
2016,14,toro_rosso,45,7,7,0
2016,14,haas,28,8,8,0
2016,14,renault,6,9,9,0
2016,14,manor,1,10,10,0
2016,14,sauber,0,11,11,0
2016,15,mercedes,538,1,1,14
2016,15,red_bull,316,2,2,1
2016,15,ferrari,301,3,3,0
2016,15,force_india,112,4,4,0
2016,15,williams,111,5,5,0
2016,15,mclaren,54,6,6,0
2016,15,toro_rosso,47,7,7,0
2016,15,haas,28,8,8,0
2016,15,renault,7,9,9,0
2016,15,manor,1,10,10,0
2016,15,sauber,0,11,11,0
2016,16,mercedes,553,1,1,14
2016,16,red_bull,359,2,2,2
2016,16,ferrari,313,3,3,0
2016,16,force_india,124,4,4,0
2016,16,williams,121,5,5,0
2016,16,mclaren,62,6,6,0
2016,16,toro_rosso,47,7,7,0
2016,16,haas,28,8,8,0
2016,16,renault,8,9,9,0
2016,16,manor,1,10,10,0
2016,16,sauber,0,11,11,0
2016,17,mercedes,593,1,1,15
2016,17,red_bull,385,2,2,2
2016,17,ferrari,335,3,3,0
2016,17,force_india,134,4,4,0
2016,17,williams,124,5,5,0
2016,17,mclaren,62,6,6,0
2016,17,toro_rosso,47,7,7,0
2016,17,haas,28,8,8,0
2016,17,renault,8,9,9,0
2016,17,manor,1,10,10,0
2016,17,sauber,0,11,11,0
2016,18,mercedes,636,1,1,16
2016,18,red_bull,400,2,2,2
2016,18,ferrari,347,3,3,0
2016,18,force_india,138,4,4,0
2016,18,williams,130,5,5,0
2016,18,mclaren,74,6,6,0
2016,18,toro_rosso,55,7,7,0
2016,18,haas,29,8,8,0
2016,18,renault,8,9,9,0
2016,18,manor,1,10,10,0
2016,18,sauber,0,11,11,0
2016,19,mercedes,679,1,1,17
2016,19,red_bull,427,2,2,2
2016,19,ferrari,365,3,3,0
2016,19,force_india,145,4,4,0
2016,19,williams,136,5,5,0
2016,19,mclaren,74,6,6,0
2016,19,toro_rosso,55,7,7,0
2016,19,haas,29,8,8,0
2016,19,renault,8,9,9,0
2016,19,manor,1,10,10,0
2016,19,sauber,0,11,11,0
2016,20,mercedes,722,1,1,18
2016,20,red_bull,446,2,2,2
2016,20,ferrari,375,3,3,0
2016,20,force_india,163,4,4,0
2016,20,williams,136,5,5,0
2016,20,mclaren,75,6,6,0
2016,20,toro_rosso,63,7,7,0
2016,20,haas,29,8,8,0
2016,20,renault,8,9,9,0
2016,20,sauber,2,10,10,0
2016,20,manor,1,11,11,0
2016,21,mercedes,765,1,1,19
2016,21,red_bull,468,2,2,2
2016,21,ferrari,398,3,3,0
2016,21,force_india,173,4,4,0
2016,21,williams,138,5,5,0
2016,21,mclaren,76,6,6,0
2016,21,toro_rosso,63,7,7,0
2016,21,haas,29,8,8,0
2016,21,renault,8,9,9,0
2016,21,sauber,2,10,10,0
2016,21,manor,1,11,11,0
2017,1,ferrari,37,1,1,1
2017,1,mercedes,33,2,2,0
2017,1,red_bull,10,3,3,0
2017,1,williams,8,4,4,0
2017,1,force_india,7,5,5,0
2017,1,toro_rosso,6,6,6,0
2017,1,renault,0,7,7,0
2017,1,sauber,0,8,8,0
2017,1,mclaren,0,9,9,0
2017,1,haas,0,10,10,0
2017,2,mercedes,66,1,1,1
2017,2,ferrari,65,2,2,1
2017,2,red_bull,37,3,3,0
2017,2,toro_rosso,12,4,4,0
2017,2,force_india,10,5,5,0
2017,2,williams,8,6,6,0
2017,2,haas,4,7,7,0
2017,2,renault,0,8,8,0
2017,2,sauber,0,9,9,0
2017,2,mclaren,0,10,10,0
2017,3,ferrari,102,1,1,2
2017,3,mercedes,99,2,2,1
2017,3,red_bull,47,3,3,0
2017,3,force_india,17,4,4,0
2017,3,williams,16,5,5,0
2017,3,toro_rosso,12,6,6,0
2017,3,haas,8,7,7,0
2017,3,renault,2,8,8,0
2017,3,sauber,0,9,9,0
2017,3,mclaren,0,10,10,0
2017,4,mercedes,136,1,1,2
2017,4,ferrari,135,2,2,2
2017,4,red_bull,57,3,3,0
2017,4,force_india,31,4,4,0
2017,4,williams,18,5,5,0
2017,4,toro_rosso,13,6,6,0
2017,4,haas,8,7,7,0
2017,4,renault,6,8,8,0
2017,4,sauber,0,9,9,0
2017,4,mclaren,0,10,10,0
2017,5,mercedes,161,1,1,3
2017,5,ferrari,153,2,2,2
2017,5,red_bull,72,3,3,0
2017,5,force_india,53,4,4,0
2017,5,toro_rosso,21,5,5,0
2017,5,williams,18,6,6,0
2017,5,renault,14,7,7,0
2017,5,haas,9,8,8,0
2017,5,sauber,4,9,9,0
2017,5,mclaren,0,10,10,0
2017,6,ferrari,196,1,1,3
2017,6,mercedes,179,2,2,3
2017,6,red_bull,97,3,3,0
2017,6,force_india,53,4,4,0
2017,6,toro_rosso,29,5,5,0
2017,6,williams,20,6,6,0
2017,6,renault,14,7,7,0
2017,6,haas,14,8,8,0
2017,6,sauber,4,9,9,0
2017,6,mclaren,0,10,10,0
2017,7,mercedes,222,1,1,4
2017,7,ferrari,214,2,2,3
2017,7,red_bull,112,3,3,0
2017,7,force_india,71,4,4,0
2017,7,toro_rosso,29,5,5,0
2017,7,williams,22,6,6,0
2017,7,renault,18,7,7,0
2017,7,haas,15,8,8,0
2017,7,sauber,4,9,9,0
2017,7,mclaren,0,10,10,0
2017,8,mercedes,250,1,1,4
2017,8,ferrari,226,2,2,3
2017,8,red_bull,137,3,3,1
2017,8,force_india,79,4,4,0
2017,8,williams,37,5,5,0
2017,8,toro_rosso,33,6,6,0
2017,8,haas,21,7,7,0
2017,8,renault,18,8,8,0
2017,8,sauber,5,9,9,0
2017,8,mclaren,2,10,10,0
2017,9,mercedes,287,1,1,5
2017,9,ferrari,254,2,2,3
2017,9,red_bull,152,3,3,1
2017,9,force_india,89,4,4,0
2017,9,williams,40,5,5,0
2017,9,toro_rosso,33,6,6,0
2017,9,haas,29,7,7,0
2017,9,renault,18,8,8,0
2017,9,sauber,5,9,9,0
2017,9,mclaren,2,10,10,0
2017,10,mercedes,330,1,1,6
2017,10,ferrari,275,2,2,3
2017,10,red_bull,174,3,3,1
2017,10,force_india,95,4,4,0
2017,10,williams,41,5,5,0
2017,10,toro_rosso,33,6,6,0
2017,10,haas,29,7,7,0
2017,10,renault,26,8,8,0
2017,10,sauber,5,9,9,0
2017,10,mclaren,2,10,10,0
2017,11,mercedes,357,1,1,6
2017,11,ferrari,318,2,2,4
2017,11,red_bull,184,3,3,1
2017,11,force_india,101,4,4,0
2017,11,williams,41,5,5,0
2017,11,toro_rosso,39,6,6,0
2017,11,haas,29,7,7,0
2017,11,renault,26,8,8,0
2017,11,mclaren,11,9,9,0
2017,11,sauber,5,10,10,0
2017,12,mercedes,392,1,1,7
2017,12,ferrari,348,2,2,4
2017,12,red_bull,199,3,3,1
2017,12,force_india,103,4,4,0
2017,12,williams,45,5,5,0
2017,12,toro_rosso,40,6,6,0
2017,12,haas,35,7,7,0
2017,12,renault,34,8,8,0
2017,12,mclaren,11,9,9,0
2017,12,sauber,5,10,10,0
2017,13,mercedes,435,1,1,8
2017,13,ferrari,373,2,2,4
2017,13,red_bull,212,3,3,1
2017,13,force_india,113,4,4,0
2017,13,williams,55,5,5,0
2017,13,toro_rosso,40,6,6,0
2017,13,haas,35,7,7,0
2017,13,renault,34,8,8,0
2017,13,mclaren,11,9,9,0
2017,13,sauber,5,10,10,0
2017,14,mercedes,475,1,1,9
2017,14,ferrari,373,2,2,4
2017,14,red_bull,230,3,3,1
2017,14,force_india,124,4,4,0
2017,14,williams,59,5,5,0
2017,14,toro_rosso,52,6,6,0
2017,14,renault,42,7,7,0
2017,14,haas,37,8,8,0
2017,14,mclaren,17,9,9,0
2017,14,sauber,5,10,10,0
2017,15,mercedes,503,1,1,9
2017,15,ferrari,385,2,2,4
2017,15,red_bull,270,3,3,2
2017,15,force_india,133,4,4,0
2017,15,williams,65,5,5,0
2017,15,toro_rosso,52,6,6,0
2017,15,renault,42,7,7,0
2017,15,haas,37,8,8,0
2017,15,mclaren,23,9,9,0
2017,15,sauber,5,10,10,0
2017,16,mercedes,540,1,1,10
2017,16,ferrari,395,2,2,4
2017,16,red_bull,303,3,3,2
2017,16,force_india,147,4,4,0
2017,16,williams,66,5,5,0
2017,16,toro_rosso,52,6,6,0
2017,16,haas,43,7,7,0
2017,16,renault,42,8,8,0
2017,16,mclaren,23,9,9,0
2017,16,sauber,5,10,10,0
2017,17,mercedes,575,1,1,11
2017,17,ferrari,428,2,2,4
2017,17,red_bull,315,3,3,2
2017,17,force_india,159,4,4,0
2017,17,williams,68,5,5,0
2017,17,toro_rosso,53,6,6,0
2017,17,renault,48,7,7,0
2017,17,haas,43,8,8,0
2017,17,mclaren,23,9,9,0
2017,17,sauber,5,10,10,0
2017,18,mercedes,595,1,1,11
2017,18,ferrari,455,2,2,4
2017,18,red_bull,340,3,3,3
2017,18,force_india,175,4,4,0
2017,18,williams,76,5,5,0
2017,18,toro_rosso,53,6,6,0
2017,18,renault,48,7,7,0
2017,18,haas,47,8,8,0
2017,18,mclaren,24,9,9,0
2017,18,sauber,5,10,10,0
2017,19,mercedes,625,1,1,11
2017,19,ferrari,495,2,2,5
2017,19,red_bull,358,3,3,3
2017,19,force_india,177,4,4,0
2017,19,williams,82,5,5,0
2017,19,toro_rosso,53,6,6,0
2017,19,renault,49,7,7,0
2017,19,haas,47,8,8,0
2017,19,mclaren,28,9,9,0
2017,19,sauber,5,10,10,0
2017,20,mercedes,668,1,1,12
2017,20,ferrari,522,2,2,5
2017,20,red_bull,368,3,3,3
2017,20,force_india,187,4,4,0
2017,20,williams,83,5,5,0
2017,20,renault,57,6,6,0
2017,20,toro_rosso,53,7,7,0
2017,20,haas,47,8,8,0
2017,20,mclaren,30,9,9,0
2017,20,sauber,5,10,10,0
2018,1,ferrari,40,1,1,1
2018,1,mercedes,22,2,2,0
2018,1,red_bull,20,3,3,0
2018,1,mclaren,12,4,4,0
2018,1,renault,7,5,5,0
2018,1,force_india,0,6,6,0
2018,1,sauber,0,7,7,0
2018,1,williams,0,8,8,0
2018,1,toro_rosso,0,9,9,0
2018,1,haas,0,10,10,0
2018,2,ferrari,65,1,1,2
2018,2,mercedes,55,2,2,0
2018,2,mclaren,22,3,3,0
2018,2,red_bull,20,4,4,0
2018,2,renault,15,5,5,0
2018,2,toro_rosso,12,6,6,0
2018,2,haas,10,7,7,0
2018,2,sauber,2,8,8,0
2018,2,force_india,1,9,9,0
2018,2,williams,0,10,10,0
2018,3,mercedes,85,1,1,0
2018,3,ferrari,84,2,2,2
2018,3,red_bull,55,3,3,1
2018,3,mclaren,28,4,4,0
2018,3,renault,25,5,5,0
2018,3,toro_rosso,12,6,6,0
2018,3,haas,11,7,7,0
2018,3,sauber,2,8,8,0
2018,3,force_india,1,9,9,0
2018,3,williams,0,10,10,0
2018,4,ferrari,114,1,1,2
2018,4,mercedes,110,2,2,1
2018,4,red_bull,55,3,3,1
2018,4,mclaren,36,4,4,0
2018,4,renault,35,5,5,0
2018,4,force_india,16,6,6,0
2018,4,toro_rosso,13,7,7,0
2018,4,haas,11,8,8,0
2018,4,sauber,10,9,9,0
2018,4,williams,4,10,10,0
2018,5,mercedes,153,1,1,2
2018,5,ferrari,126,2,2,2
2018,5,red_bull,80,3,3,1
2018,5,renault,41,4,4,0
2018,5,mclaren,40,5,5,0
2018,5,haas,19,6,6,0
2018,5,force_india,18,7,7,0
2018,5,toro_rosso,13,8,8,0
2018,5,sauber,11,9,9,0
2018,5,williams,4,10,10,0
2018,6,mercedes,178,1,1,2
2018,6,ferrari,156,2,2,2
2018,6,red_bull,107,3,3,2
2018,6,renault,46,4,4,0
2018,6,mclaren,40,5,5,0
2018,6,force_india,26,6,6,0
2018,6,toro_rosso,19,7,7,0
2018,6,haas,19,8,8,0
2018,6,sauber,11,9,9,0
2018,6,williams,4,10,10,0
2018,7,mercedes,206,1,1,2
2018,7,ferrari,189,2,2,3
2018,7,red_bull,134,3,3,2
2018,7,renault,56,4,4,0
2018,7,mclaren,40,5,5,0
2018,7,force_india,28,6,6,0
2018,7,toro_rosso,19,7,7,0
2018,7,haas,19,8,8,0
2018,7,sauber,12,9,9,0
2018,7,williams,4,10,10,0
2018,8,mercedes,237,1,1,3
2018,8,ferrari,214,2,2,3
2018,8,red_bull,164,3,3,2
2018,8,renault,62,4,4,0
2018,8,mclaren,40,5,5,0
2018,8,force_india,28,6,6,0
2018,8,haas,27,7,7,0
2018,8,toro_rosso,19,8,8,0
2018,8,sauber,13,9,9,0
2018,8,williams,4,10,10,0
2018,9,ferrari,247,1,1,3
2018,9,mercedes,237,2,2,3
2018,9,red_bull,189,3,3,3
2018,9,renault,62,4,4,0
2018,9,haas,49,5,5,0
2018,9,mclaren,44,6,6,0
2018,9,force_india,42,7,7,0
2018,9,toro_rosso,19,8,8,0
2018,9,sauber,16,9,9,0
2018,9,williams,4,10,10,0
2018,10,ferrari,287,1,1,4
2018,10,mercedes,267,2,2,3
2018,10,red_bull,199,3,3,3
2018,10,renault,70,4,4,0
2018,10,haas,51,5,5,0
2018,10,force_india,49,6,6,0
2018,10,mclaren,48,7,7,0
2018,10,toro_rosso,19,8,8,0
2018,10,sauber,16,9,9,0
2018,10,williams,4,10,10,0
2018,11,mercedes,310,1,1,4
2018,11,ferrari,302,2,2,4
2018,11,red_bull,211,3,3,3
2018,11,renault,80,4,4,0
2018,11,force_india,59,5,5,0
2018,11,haas,59,6,6,0
2018,11,mclaren,48,7,7,0
2018,11,toro_rosso,20,8,8,0
2018,11,sauber,18,9,9,0
2018,11,williams,4,10,10,0
2018,12,mercedes,345,1,1,5
2018,12,ferrari,335,2,2,4
2018,12,red_bull,223,3,3,3
2018,12,renault,82,4,4,0
2018,12,haas,66,5,5,0
2018,12,force_india,59,6,6,0
2018,12,mclaren,52,7,7,0
2018,12,toro_rosso,28,8,8,0
2018,12,sauber,18,9,9,0
2018,12,williams,4,10,10,0
2018,13,mercedes,375,1,1,5
2018,13,ferrari,360,2,2,5
2018,13,red_bull,238,3,3,3
2018,13,renault,82,4,4,0
2018,13,haas,76,5,5,0
2018,13,mclaren,52,6,6,0
2018,13,toro_rosso,30,7,7,0
2018,13,sauber,19,8,8,0
2018,13,force_india,18,9,9,0
2018,13,williams,4,10,10,0
2018,14,mercedes,415,1,1,6
2018,14,ferrari,390,2,2,5
2018,14,red_bull,248,3,3,3
2018,14,renault,86,4,4,0
2018,14,haas,76,5,5,0
2018,14,mclaren,52,6,6,0
2018,14,force_india,32,7,7,0
2018,14,toro_rosso,30,8,8,0
2018,14,sauber,19,9,9,0
2018,14,williams,7,10,10,0
2018,15,mercedes,452,1,1,7
2018,15,ferrari,415,2,2,5
2018,15,red_bull,274,3,3,3
2018,15,renault,91,4,4,0
2018,15,haas,76,5,5,0
2018,15,mclaren,58,6,6,0
2018,15,force_india,32,7,7,0
2018,15,toro_rosso,30,8,8,0
2018,15,sauber,21,9,9,0
2018,15,williams,7,10,10,0
2018,16,mercedes,495,1,1,8
2018,16,ferrari,442,2,2,5
2018,16,red_bull,292,3,3,3
2018,16,renault,91,4,4,0
2018,16,haas,80,5,5,0
2018,16,mclaren,58,6,6,0
2018,16,force_india,35,7,7,0
2018,16,toro_rosso,30,8,8,0
2018,16,sauber,27,9,9,0
2018,16,williams,7,10,10,0
2018,17,mercedes,538,1,1,9
2018,17,ferrari,460,2,2,5
2018,17,red_bull,319,3,3,3
2018,17,renault,92,4,4,0
2018,17,haas,84,5,5,0
2018,17,mclaren,58,6,6,0
2018,17,force_india,43,7,7,0
2018,17,toro_rosso,30,8,8,0
2018,17,sauber,27,9,9,0
2018,17,williams,7,10,10,0
2018,18,mercedes,563,1,1,9
2018,18,ferrari,497,2,2,6
2018,18,red_bull,337,3,3,3
2018,18,renault,106,4,4,0
2018,18,haas,84,5,5,0
2018,18,mclaren,58,6,6,0
2018,18,force_india,47,7,7,0
2018,18,toro_rosso,32,8,8,0
2018,18,sauber,28,9,9,0
2018,18,williams,7,10,10,0
2018,19,mercedes,585,1,1,9
2018,19,ferrari,530,2,2,6
2018,19,red_bull,362,3,3,4
2018,19,renault,114,4,4,0
2018,19,haas,84,5,5,0
2018,19,mclaren,62,6,6,0
2018,19,force_india,47,7,7,0
2018,19,sauber,36,8,8,0
2018,19,toro_rosso,33,9,9,0
2018,19,williams,7,10,10,0
2018,20,mercedes,620,1,1,10
2018,20,ferrari,553,2,2,6
2018,20,red_bull,392,3,3,4
2018,20,renault,114,4,4,0
2018,20,haas,90,5,5,0
2018,20,mclaren,62,6,6,0
2018,20,force_india,48,7,7,0
2018,20,sauber,42,8,8,0
2018,20,toro_rosso,33,9,9,0
2018,20,williams,7,10,10,0
2018,21,mercedes,655,1,1,11
2018,21,ferrari,571,2,2,6
2018,21,red_bull,419,3,3,4
2018,21,renault,122,4,4,0
2018,21,haas,93,5,5,0
2018,21,mclaren,62,6,6,0
2018,21,force_india,52,7,7,0
2018,21,sauber,48,8,8,0
2018,21,toro_rosso,33,9,9,0
2018,21,williams,7,10,10,0
2019,1,mercedes,44,1,1,1
2019,1,ferrari,22,2,2,0
2019,1,red_bull,15,3,3,0
2019,1,haas,8,4,4,0
2019,1,renault,6,5,5,0
2019,1,alfa,4,6,6,0
2019,1,racing_point,2,7,7,0
2019,1,toro_rosso,1,8,8,0
2019,1,mclaren,0,9,9,0
2019,1,williams,0,10,10,0
2019,2,mercedes,87,1,1,2
2019,2,ferrari,48,2,2,0
2019,2,red_bull,31,3,3,0
2019,2,alfa,10,4,4,0
2019,2,mclaren,8,5,5,0
2019,2,haas,8,6,6,0
2019,2,renault,6,7,7,0
2019,2,toro_rosso,3,8,8,0
2019,2,racing_point,3,9,9,0
2019,2,williams,0,10,10,0
2019,3,mercedes,130,1,1,3
2019,3,ferrari,73,2,2,0
2019,3,red_bull,52,3,3,0
2019,3,renault,12,4,4,0
2019,3,alfa,12,5,5,0
2019,3,haas,8,6,6,0
2019,3,mclaren,8,7,7,0
2019,3,racing_point,7,8,8,0
2019,3,toro_rosso,4,9,9,0
2019,3,williams,0,10,10,0
2019,4,mercedes,173,1,1,4
2019,4,ferrari,99,2,2,0
2019,4,red_bull,64,3,3,0
2019,4,mclaren,18,4,4,0
2019,4,racing_point,17,5,5,0
2019,4,alfa,13,6,6,0
2019,4,renault,12,7,7,0
2019,4,haas,8,8,8,0
2019,4,toro_rosso,4,9,9,0
2019,4,williams,0,10,10,0
2019,5,mercedes,217,1,1,5
2019,5,ferrari,121,2,2,0
2019,5,red_bull,87,3,3,0
2019,5,mclaren,22,4,4,0
2019,5,racing_point,17,5,5,0
2019,5,haas,15,6,6,0
2019,5,alfa,13,7,7,0
2019,5,renault,12,8,8,0
2019,5,toro_rosso,6,9,9,0
2019,5,williams,0,10,10,0
2019,6,mercedes,257,1,1,6
2019,6,ferrari,139,2,2,0
2019,6,red_bull,110,3,3,0
2019,6,mclaren,30,4,4,0
2019,6,racing_point,17,5,5,0
2019,6,haas,16,6,6,0
2019,6,toro_rosso,16,7,7,0
2019,6,renault,14,8,8,0
2019,6,alfa,13,9,9,0
2019,6,williams,0,10,10,0
2019,7,mercedes,295,1,1,7
2019,7,ferrari,172,2,2,0
2019,7,red_bull,124,3,3,0
2019,7,mclaren,30,4,4,0
2019,7,renault,28,5,5,0
2019,7,racing_point,19,6,6,0
2019,7,toro_rosso,17,7,7,0
2019,7,haas,16,8,8,0
2019,7,alfa,13,9,9,0
2019,7,williams,0,10,10,0
2019,8,mercedes,338,1,1,8
2019,8,ferrari,198,2,2,0
2019,8,red_bull,137,3,3,0
2019,8,mclaren,40,4,4,0
2019,8,renault,32,5,5,0
2019,8,racing_point,19,6,6,0
2019,8,alfa,19,7,7,0
2019,8,toro_rosso,17,8,8,0
2019,8,haas,16,9,9,0
2019,8,williams,0,10,10,0
2019,9,mercedes,363,1,1,8
2019,9,ferrari,228,2,2,0
2019,9,red_bull,169,3,3,1
2019,9,mclaren,52,4,4,0
2019,9,renault,32,5,5,0
2019,9,alfa,22,6,6,0
2019,9,racing_point,19,7,7,0
2019,9,toro_rosso,17,8,8,0
2019,9,haas,16,9,9,0
2019,9,williams,0,10,10,0
2019,10,mercedes,407,1,1,9
2019,10,ferrari,243,2,2,0
2019,10,red_bull,191,3,3,1
2019,10,mclaren,60,4,4,0
2019,10,renault,39,5,5,0
2019,10,alfa,26,6,6,0
2019,10,racing_point,19,7,7,0
2019,10,toro_rosso,19,8,8,0
2019,10,haas,16,9,9,0
2019,10,williams,0,10,10,0
2019,11,mercedes,409,1,1,9
2019,11,ferrari,261,2,2,0
2019,11,red_bull,217,3,3,2
2019,11,mclaren,70,4,4,0
2019,11,toro_rosso,42,5,5,0
2019,11,renault,39,6,6,0
2019,11,racing_point,31,7,7,0
2019,11,haas,26,8,8,0
2019,11,alfa,26,9,9,0
2019,11,williams,1,10,10,0
2019,12,mercedes,438,1,1,10
2019,12,ferrari,288,2,2,0
2019,12,red_bull,244,3,3,2
2019,12,mclaren,82,4,4,0
2019,12,toro_rosso,43,5,5,0
2019,12,renault,39,6,6,0
2019,12,alfa,32,7,7,0
2019,12,racing_point,31,8,8,0
2019,12,haas,26,9,9,0
2019,12,williams,1,10,10,0
2019,13,mercedes,471,1,1,10
2019,13,ferrari,326,2,2,1
2019,13,red_bull,254,3,3,2
2019,13,mclaren,82,4,4,0
2019,13,toro_rosso,51,5,5,0
2019,13,renault,43,6,6,0
2019,13,racing_point,40,7,7,0
2019,13,alfa,32,8,8,0
2019,13,haas,26,9,9,0
2019,13,williams,1,10,10,0
2019,14,mercedes,505,1,1,10
2019,14,ferrari,351,2,2,2
2019,14,red_bull,266,3,3,2
2019,14,mclaren,83,4,4,0
2019,14,renault,65,5,5,0
2019,14,toro_rosso,51,6,6,0
2019,14,racing_point,46,7,7,0
2019,14,alfa,34,8,8,0
2019,14,haas,26,9,9,0
2019,14,williams,1,10,10,0
2019,15,mercedes,527,1,1,10
2019,15,ferrari,394,2,2,3
2019,15,red_bull,289,3,3,2
2019,15,mclaren,89,4,4,0
2019,15,renault,67,5,5,0
2019,15,toro_rosso,55,6,6,0
2019,15,racing_point,46,7,7,0
2019,15,alfa,35,8,8,0
2019,15,haas,26,9,9,0
2019,15,williams,1,10,10,0
2019,16,mercedes,571,1,1,11
2019,16,ferrari,409,2,2,3
2019,16,red_bull,311,3,3,2
2019,16,mclaren,101,4,4,0
2019,16,renault,68,5,5,0
2019,16,toro_rosso,55,6,6,0
2019,16,racing_point,52,7,7,0
2019,16,alfa,35,8,8,0
2019,16,haas,28,9,9,0
2019,16,williams,1,10,10,0
2019,17,mercedes,612,1,1,12
2019,17,ferrari,435,2,2,3
2019,17,red_bull,323,3,3,2
2019,17,mclaren,111,4,4,0
2019,17,renault,68,5,5,0
2019,17,toro_rosso,62,6,6,0
2019,17,racing_point,58,7,7,0
2019,17,alfa,35,8,8,0
2019,17,haas,28,9,9,0
2019,17,williams,1,10,10,0
2019,18,mercedes,652,1,1,13
2019,18,ferrari,466,2,2,3
2019,18,red_bull,341,3,3,2
2019,18,mclaren,111,4,4,0
2019,18,renault,73,5,5,0
2019,18,toro_rosso,64,6,6,0
2019,18,racing_point,64,7,7,0
2019,18,alfa,35,8,8,0
2019,18,haas,28,9,9,0
2019,18,williams,1,10,10,0
2019,19,mercedes,695,1,1,14
2019,19,ferrari,479,2,2,3
2019,19,red_bull,366,3,3,2
2019,19,mclaren,121,4,4,0
2019,19,renault,83,5,5,0
2019,19,racing_point,65,6,6,0
2019,19,toro_rosso,64,7,7,0
2019,19,alfa,35,8,8,0
2019,19,haas,28,9,9,0
2019,19,williams,1,10,10,0
2019,20,mercedes,701,1,1,14
2019,20,ferrari,479,2,2,3
2019,20,red_bull,391,3,3,3
2019,20,mclaren,140,4,4,0
2019,20,renault,91,5,5,0
2019,20,toro_rosso,83,6,6,0
2019,20,racing_point,67,7,7,0
2019,20,alfa,57,8,8,0
2019,20,haas,28,9,9,0
2019,20,williams,1,10,10,0
2019,21,mercedes,739,1,1,15
2019,21,ferrari,504,2,2,3
2019,21,red_bull,417,3,3,3
2019,21,mclaren,145,4,4,0
2019,21,renault,91,5,5,0
2019,21,toro_rosso,85,6,6,0
2019,21,racing_point,73,7,7,0
2019,21,alfa,57,8,8,0
2019,21,haas,28,9,9,0
2019,21,williams,1,10,10,0
2020,1,mercedes,37,1,1,1
2020,1,mclaren,26,2,2,0
2020,1,ferrari,19,3,3,0
2020,1,racing_point,8,4,4,0
2020,1,alphatauri,6,5,5,0
2020,1,renault,4,6,6,0
2020,1,alfa,2,7,7,0
2020,1,williams,0,8,8,0
2020,1,red_bull,0,9,9,0
2020,1,haas,0,10,10,0
2020,2,mercedes,80,1,1,2
2020,2,mclaren,39,2,2,0
2020,2,red_bull,27,3,3,0
2020,2,racing_point,22,4,4,0
2020,2,ferrari,19,5,5,0
2020,2,renault,8,6,6,0
2020,2,alphatauri,7,7,7,0
2020,2,alfa,2,8,8,0
2020,2,williams,0,9,9,0
2020,2,haas,0,10,10,0
2020,3,mercedes,121,1,1,3
2020,3,red_bull,55,2,2,0
2020,3,mclaren,41,3,3,0
2020,3,racing_point,40,4,4,0
2020,3,ferrari,27,5,5,0
2020,3,renault,12,6,6,0
2020,3,alphatauri,7,7,7,0
2020,3,alfa,2,8,8,0
2020,3,haas,1,9,9,0
2020,3,williams,0,10,10,0
2020,4,mercedes,146,1,1,4
2020,4,red_bull,78,2,2,0
2020,4,mclaren,51,3,3,0
2020,4,ferrari,43,4,4,0
2020,4,racing_point,42,5,5,0
2020,4,renault,32,6,6,0
2020,4,alphatauri,13,7,7,0
2020,4,alfa,2,8,8,0
2020,4,haas,1,9,9,0
2020,4,williams,0,10,10,0
2020,5,mercedes,180,1,1,4
2020,5,red_bull,113,2,2,1
2020,5,ferrari,55,3,3,0
2020,5,mclaren,53,4,4,0
2020,5,racing_point,41,5,5,0
2020,5,renault,36,6,6,0
2020,5,alphatauri,14,7,7,0
2020,5,alfa,2,8,8,0
2020,5,haas,1,9,9,0
2020,5,williams,0,10,10,0
2020,6,mercedes,221,1,1,5
2020,6,red_bull,135,2,2,1
2020,6,racing_point,63,3,3,0
2020,6,mclaren,62,4,4,0
2020,6,ferrari,61,5,5,0
2020,6,renault,36,6,6,0
2020,6,alphatauri,16,7,7,0
2020,6,alfa,2,8,8,0
2020,6,haas,1,9,9,0
2020,6,williams,0,10,10,0
2020,7,mercedes,264,1,1,6
2020,7,red_bull,158,2,2,1
2020,7,mclaren,68,3,3,0
2020,7,racing_point,66,4,4,0
2020,7,ferrari,61,5,5,0
2020,7,renault,59,6,6,0
2020,7,alphatauri,20,7,7,0
2020,7,alfa,2,8,8,0
2020,7,haas,1,9,9,0
2020,7,williams,0,10,10,0
2020,8,mercedes,281,1,1,6
2020,8,red_bull,158,2,2,1
2020,8,mclaren,98,3,3,0
2020,8,racing_point,82,4,4,0
2020,8,renault,71,5,5,0
2020,8,ferrari,61,6,6,0
2020,8,alphatauri,47,7,7,1
2020,8,alfa,2,8,8,0
2020,8,haas,1,9,9,0
2020,8,williams,0,10,10,0
2020,9,mercedes,325,1,1,7
2020,9,red_bull,173,2,2,1
2020,9,mclaren,106,3,3,0
2020,9,racing_point,92,4,4,0
2020,9,renault,83,5,5,0
2020,9,ferrari,66,6,6,0
2020,9,alphatauri,53,7,7,1
2020,9,alfa,4,8,8,0
2020,9,haas,1,9,9,0
2020,9,williams,0,10,10,0
2020,10,mercedes,366,1,1,8
2020,10,red_bull,192,2,2,1
2020,10,mclaren,106,3,3,0
2020,10,racing_point,104,4,4,0
2020,10,renault,99,5,5,0
2020,10,ferrari,74,6,6,0
2020,10,alphatauri,59,7,7,1
2020,10,alfa,4,8,8,0
2020,10,haas,1,9,9,0
2020,10,williams,0,10,10,0
2020,11,mercedes,391,1,1,9
2020,11,red_bull,211,2,2,1
2020,11,racing_point,120,3,3,0
2020,11,mclaren,116,4,4,0
2020,11,renault,114,5,5,0
2020,11,ferrari,80,6,6,0
2020,11,alphatauri,67,7,7,1
2020,11,alfa,5,8,8,0
2020,11,haas,3,9,9,0
2020,11,williams,0,10,10,0
2020,12,mercedes,435,1,1,10
2020,12,red_bull,226,2,2,1
2020,12,racing_point,126,3,3,0
2020,12,mclaren,124,4,4,0
2020,12,renault,120,5,5,0
2020,12,ferrari,93,6,6,0
2020,12,alphatauri,77,7,7,1
2020,12,alfa,5,8,8,0
2020,12,haas,3,9,9,0
2020,12,williams,0,10,10,0
2020,13,mercedes,479,1,1,11
2020,13,red_bull,226,2,2,1
2020,13,renault,135,3,3,0
2020,13,mclaren,134,4,4,0
2020,13,racing_point,134,5,5,0
2020,13,ferrari,103,6,6,0
2020,13,alphatauri,89,7,7,1
2020,13,alfa,8,8,8,0
2020,13,haas,3,9,9,0
2020,13,williams,0,10,10,0
2020,14,mercedes,504,1,1,12
2020,14,red_bull,240,2,2,1
2020,14,racing_point,154,3,3,0
2020,14,mclaren,149,4,4,0
2020,14,renault,136,5,5,0
2020,14,ferrari,130,6,6,0
2020,14,alphatauri,89,7,7,1
2020,14,alfa,8,8,8,0
2020,14,haas,3,9,9,0
2020,14,williams,0,10,10,0
2020,15,mercedes,533,1,1,13
2020,15,red_bull,274,2,2,1
2020,15,mclaren,171,3,3,0
2020,15,racing_point,154,4,4,0
2020,15,renault,144,5,5,0
2020,15,ferrari,131,6,6,0
2020,15,alphatauri,97,7,7,1
2020,15,alfa,8,8,8,0
2020,15,haas,3,9,9,0
2020,15,williams,0,10,10,0
2020,16,mercedes,540,1,1,13
2020,16,red_bull,282,2,2,1
2020,16,racing_point,194,3,3,1
2020,16,mclaren,184,4,4,0
2020,16,renault,172,5,5,0
2020,16,ferrari,131,6,6,0
2020,16,alphatauri,103,7,7,1
2020,16,alfa,8,8,8,0
2020,16,haas,3,9,9,0
2020,16,williams,0,10,10,0
2020,17,mercedes,573,1,1,13
2020,17,red_bull,319,2,2,2
2020,17,mclaren,202,3,3,0
2020,17,racing_point,195,4,4,1
2020,17,renault,181,5,5,0
2020,17,ferrari,131,6,6,0
2020,17,alphatauri,107,7,7,1
2020,17,alfa,8,8,8,0
2020,17,haas,3,9,9,0
2020,17,williams,0,10,10,0
2021,1,mercedes,41,1,1,1
2021,1,red_bull,28,2,2,0
2021,1,mclaren,18,3,3,0
2021,1,ferrari,12,4,4,0
2021,1,alphatauri,2,5,5,0
2021,1,aston_martin,1,6,6,0
2021,1,alfa,0,7,7,0
2021,1,alpine,0,8,8,0
2021,1,williams,0,9,9,0
2021,1,haas,0,10,10,0
2021,2,mercedes,60,1,1,1
2021,2,red_bull,53,2,2,1
2021,2,mclaren,41,3,3,0
2021,2,ferrari,34,4,4,0
2021,2,alphatauri,8,5,5,0
2021,2,aston_martin,5,6,6,0
2021,2,alpine,3,7,7,0
2021,2,alfa,0,8,8,0
2021,2,williams,0,9,9,0
2021,2,haas,0,10,10,0
2021,3,mercedes,101,1,1,2
2021,3,red_bull,83,2,2,1
2021,3,mclaren,53,3,3,0
2021,3,ferrari,42,4,4,0
2021,3,alpine,13,5,5,0
2021,3,alphatauri,9,6,6,0
2021,3,aston_martin,5,7,7,0
2021,3,alfa,0,8,8,0
2021,3,williams,0,9,9,0
2021,3,haas,0,10,10,0
2021,4,mercedes,141,1,1,3
2021,4,red_bull,112,2,2,1
2021,4,mclaren,65,3,3,0
2021,4,ferrari,60,4,4,0
2021,4,alpine,15,5,5,0
2021,4,alphatauri,10,6,6,0
2021,4,aston_martin,5,7,7,0
2021,4,alfa,0,8,8,0
2021,4,williams,0,9,9,0
2021,4,haas,0,10,10,0
2021,5,red_bull,149,1,1,2
2021,5,mercedes,148,2,2,3
2021,5,mclaren,80,3,3,0
2021,5,ferrari,78,4,4,0
2021,5,aston_martin,19,5,5,0
2021,5,alphatauri,18,6,6,0
2021,5,alpine,17,7,7,0
2021,5,alfa,1,8,8,0
2021,5,williams,0,9,9,0
2021,5,haas,0,10,10,0
2021,6,red_bull,174,1,1,3
2021,6,mercedes,148,2,2,3
2021,6,ferrari,94,3,3,0
2021,6,mclaren,92,4,4,0
2021,6,alphatauri,39,5,5,0
2021,6,aston_martin,37,6,6,0
2021,6,alpine,25,7,7,0
2021,6,alfa,2,8,8,0
2021,6,haas,0,9,9,0
2021,6,williams,0,10,10,0
2021,7,red_bull,215,1,1,4
2021,7,mercedes,178,2,2,3
2021,7,mclaren,110,3,3,0
2021,7,ferrari,94,4,4,0
2021,7,alphatauri,45,5,5,0
2021,7,aston_martin,40,6,6,0
2021,7,alpine,29,7,7,0
2021,7,alfa,2,8,8,0
2021,7,williams,0,9,9,0
2021,7,haas,0,10,10,0
2021,8,red_bull,252,1,1,5
2021,8,mercedes,212,2,2,3
2021,8,mclaren,120,3,3,0
2021,8,ferrari,108,4,4,0
2021,8,alphatauri,46,5,5,0
2021,8,aston_martin,44,6,6,0
2021,8,alpine,31,7,7,0
2021,8,alfa,2,8,8,0
2021,8,williams,0,9,9,0
2021,8,haas,0,10,10,0
2021,9,red_bull,286,1,1,6
2021,9,mercedes,242,2,2,3
2021,9,mclaren,141,3,3,0
2021,9,ferrari,122,4,4,0
2021,9,alphatauri,48,5,5,0
2021,9,aston_martin,44,6,6,0
2021,9,alpine,32,7,7,0
2021,9,alfa,2,8,8,0
2021,9,williams,0,9,9,0
2021,9,haas,0,10,10,0
2021,10,red_bull,289,1,1,6
2021,10,mercedes,285,2,2,4
2021,10,mclaren,163,3,3,0
2021,10,ferrari,148,4,4,0
2021,10,alphatauri,49,5,5,0
2021,10,aston_martin,48,6,6,0
2021,10,alpine,40,7,7,0
2021,10,alfa,2,8,8,0
2021,10,williams,0,9,9,0
2021,10,haas,0,10,10,0
2021,11,mercedes,303,1,1,4
2021,11,red_bull,291,2,2,6
2021,11,ferrari,163,3,3,0
2021,11,mclaren,163,4,4,0
2021,11,alpine,77,5,5,1
2021,11,alphatauri,68,6,6,0
2021,11,aston_martin,48,7,7,0
2021,11,williams,10,8,8,0
2021,11,alfa,3,9,9,0
2021,11,haas,0,10,10,0
2021,12,mercedes,310.5,1,1,4
2021,12,red_bull,303.5,2,2,7
2021,12,mclaren,169,3,3,0
2021,12,ferrari,165.5,4,4,0
2021,12,alpine,80,5,5,1
2021,12,alphatauri,72,6,6,0
2021,12,aston_martin,53,7,7,0
2021,12,williams,20,8,8,0
2021,12,alfa,3,9,9,0
2021,12,haas,0,10,10,0
2021,13,mercedes,344.5,1,1,4
2021,13,red_bull,332.5,2,2,8
2021,13,ferrari,181.5,3,3,0
2021,13,mclaren,170,4,4,0
2021,13,alpine,90,5,5,1
2021,13,alphatauri,84,6,6,0
2021,13,aston_martin,53,7,7,0
2021,13,williams,20,8,8,0
2021,13,alfa,3,9,9,0
2021,13,haas,0,10,10,0
2021,14,mercedes,362.5,1,1,4
2021,14,red_bull,344.5,2,2,8
2021,14,mclaren,215,3,3,1
2021,14,ferrari,201.5,4,4,0
2021,14,alpine,95,5,5,1
2021,14,alphatauri,84,6,6,0
2021,14,aston_martin,59,7,7,0
2021,14,williams,22,8,8,0
2021,14,alfa,3,9,9,0
2021,14,haas,0,10,10,0
2021,15,mercedes,397.5,1,1,5
2021,15,red_bull,364.5,2,2,8
2021,15,mclaren,234,3,3,1
2021,15,ferrari,216.5,4,4,0
2021,15,alpine,103,5,5,1
2021,15,alphatauri,84,6,6,0
2021,15,aston_martin,59,7,7,0
2021,15,williams,23,8,8,0
2021,15,alfa,7,9,9,0
2021,15,haas,0,10,10,0
2021,16,mercedes,433.5,1,1,6
2021,16,red_bull,397.5,2,2,8
2021,16,mclaren,240,3,3,1
2021,16,ferrari,232.5,4,4,0
2021,16,alpine,104,5,5,1
2021,16,alphatauri,92,6,6,0
2021,16,aston_martin,61,7,7,0
2021,16,williams,23,8,8,0
2021,16,alfa,7,9,9,0
2021,16,haas,0,10,10,0
2021,17,mercedes,460.5,1,1,6
2021,17,red_bull,437.5,2,2,9
2021,17,mclaren,254,3,3,1
2021,17,ferrari,250.5,4,4,0
2021,17,alpine,104,5,5,1
2021,17,alphatauri,94,6,6,0
2021,17,aston_martin,62,7,7,0
2021,17,williams,23,8,8,0
2021,17,alfa,7,9,9,0
2021,17,haas,0,10,10,0
2021,18,mercedes,478.5,1,1,6
2021,18,red_bull,477.5,2,2,10
2021,18,ferrari,268.5,3,3,0
2021,18,mclaren,255,4,4,1
2021,18,alpine,106,5,5,1
2021,18,alphatauri,106,6,6,0
2021,18,aston_martin,68,7,7,0
2021,18,williams,23,8,8,0
2021,18,alfa,11,9,9,0
2021,18,haas,0,10,10,0
2021,19,mercedes,521.5,1,1,7
2021,19,red_bull,510.5,2,2,10
2021,19,ferrari,287.5,3,3,0
2021,19,mclaren,256,4,4,1
2021,19,alpine,112,5,5,1
2021,19,alphatauri,112,6,6,0
2021,19,aston_martin,68,7,7,0
2021,19,williams,23,8,8,0
2021,19,alfa,11,9,9,0
2021,19,haas,0,10,10,0
2021,20,mercedes,546.5,1,1,8
2021,20,red_bull,541.5,2,2,10
2021,20,ferrari,297.5,3,3,0
2021,20,mclaren,258,4,4,1
2021,20,alpine,137,5,5,1
2021,20,alphatauri,112,6,6,0
2021,20,aston_martin,77,7,7,0
2021,20,williams,23,8,8,0
2021,20,alfa,11,9,9,0
2021,20,haas,0,10,10,0
2021,21,mercedes,587.5,1,1,9
2021,21,red_bull,559.5,2,2,10
2021,21,ferrari,307.5,3,3,0
2021,21,mclaren,269,4,4,1
2021,21,alpine,149,5,5,1
2021,21,alphatauri,120,6,6,0
2021,21,aston_martin,77,7,7,0
2021,21,williams,23,8,8,0
2021,21,alfa,13,9,9,0
2021,21,haas,0,10,10,0
2021,22,mercedes,613.5,1,1,9
2021,22,red_bull,585.5,2,2,11
2021,22,ferrari,323.5,3,3,0
2021,22,mclaren,275,4,4,1
2021,22,alpine,155,5,5,1
2021,22,alphatauri,142,6,6,0
2021,22,aston_martin,77,7,7,0
2021,22,williams,23,8,8,0
2021,22,alfa,13,9,9,0
2021,22,haas,0,10,10,0
2022,1,ferrari,44,1,1,1
2022,1,mercedes,27,2,2,0
2022,1,haas,10,3,3,0
2022,1,alfa,9,4,4,0
2022,1,alpine,8,5,5,0
2022,1,alphatauri,4,6,6,0
2022,1,aston_martin,0,7,7,0
2022,1,williams,0,8,8,0
2022,1,mclaren,0,9,9,0
2022,1,red_bull,0,10,10,0
2022,2,ferrari,78,1,1,1
2022,2,mercedes,38,2,2,0
2022,2,red_bull,37,3,3,1
2022,2,alpine,16,4,4,0
2022,2,haas,12,5,5,0
2022,2,alfa,9,6,6,0
2022,2,alphatauri,8,7,7,0
2022,2,mclaren,6,8,8,0
2022,2,aston_martin,0,9,9,0
2022,2,williams,0,10,10,0
2022,3,ferrari,104,1,1,2
2022,3,mercedes,65,2,2,0
2022,3,red_bull,55,3,3,1
2022,3,mclaren,24,4,4,0
2022,3,alpine,22,5,5,0
2022,3,alfa,13,6,6,0
2022,3,haas,12,7,7,0
2022,3,alphatauri,10,8,8,0
2022,3,williams,1,9,9,0
2022,3,aston_martin,0,10,10,0
2022,4,ferrari,124,1,1,2
2022,4,red_bull,113,2,2,2
2022,4,mercedes,77,3,3,0
2022,4,mclaren,46,4,4,0
2022,4,alfa,25,5,5,0
2022,4,alpine,22,6,6,0
2022,4,alphatauri,16,7,7,0
2022,4,haas,15,8,8,0
2022,4,aston_martin,5,9,9,0
2022,4,williams,1,10,10,0
2022,5,ferrari,157,1,1,2
2022,5,red_bull,151,2,2,3
2022,5,mercedes,95,3,3,0
2022,5,mclaren,46,4,4,0
2022,5,alfa,31,5,5,0
2022,5,alpine,26,6,6,0
2022,5,alphatauri,16,7,7,0
2022,5,haas,15,8,8,0
2022,5,aston_martin,6,9,9,0
2022,5,williams,3,10,10,0
2022,6,red_bull,195,1,1,4
2022,6,ferrari,169,2,2,2
2022,6,mercedes,120,3,3,0
2022,6,mclaren,50,4,4,0
2022,6,alfa,39,5,5,0
2022,6,alpine,34,6,6,0
2022,6,alphatauri,17,7,7,0
2022,6,haas,15,8,8,0
2022,6,aston_martin,6,9,9,0
2022,6,williams,3,10,10,0
2022,7,red_bull,235,1,1,5
2022,7,ferrari,199,2,2,2
2022,7,mercedes,134,3,3,0
2022,7,mclaren,59,4,4,0
2022,7,alfa,41,5,5,0
2022,7,alpine,40,6,6,0
2022,7,alphatauri,17,7,7,0
2022,7,haas,15,8,8,0
2022,7,aston_martin,7,9,9,0
2022,7,williams,3,10,10,0
2022,8,red_bull,279,1,1,6
2022,8,ferrari,199,2,2,2
2022,8,mercedes,161,3,3,0
2022,8,mclaren,65,4,4,0
2022,8,alpine,47,5,5,0
2022,8,alfa,41,6,6,0
2022,8,alphatauri,27,7,7,0
2022,8,haas,15,8,8,0
2022,8,aston_martin,15,9,9,0
2022,8,williams,3,10,10,0
2022,9,red_bull,304,1,1,7
2022,9,ferrari,228,2,2,2
2022,9,mercedes,188,3,3,0
2022,9,mclaren,65,4,4,0
2022,9,alpine,57,5,5,0
2022,9,alfa,51,6,6,0
2022,9,alphatauri,27,7,7,0
2022,9,aston_martin,16,8,8,0
2022,9,haas,15,9,9,0
2022,9,williams,3,10,10,0
2022,10,red_bull,328,1,1,7
2022,10,ferrari,265,2,2,3
2022,10,mercedes,204,3,3,0
2022,10,mclaren,73,4,4,0
2022,10,alpine,67,5,5,0
2022,10,alfa,51,6,6,0
2022,10,alphatauri,27,7,7,0
2022,10,haas,20,8,8,0
2022,10,aston_martin,18,9,9,0
2022,10,williams,3,10,10,0
2022,11,red_bull,359,1,1,7
2022,11,ferrari,303,2,2,4
2022,11,mercedes,237,3,3,0
2022,11,mclaren,81,4,4,0
2022,11,alpine,81,5,5,0
2022,11,alfa,51,6,6,0
2022,11,haas,34,7,7,0
2022,11,alphatauri,27,8,8,0
2022,11,aston_martin,18,9,9,0
2022,11,williams,3,10,10,0
2022,12,red_bull,396,1,1,8
2022,12,ferrari,314,2,2,4
2022,12,mercedes,270,3,3,0
2022,12,alpine,93,4,4,0
2022,12,mclaren,89,5,5,0
2022,12,alfa,51,6,6,0
2022,12,haas,34,7,7,0
2022,12,alphatauri,27,8,8,0
2022,12,aston_martin,19,9,9,0
2022,12,williams,3,10,10,0
2022,13,red_bull,431,1,1,9
2022,13,ferrari,334,2,2,4
2022,13,mercedes,304,3,3,0
2022,13,alpine,99,4,4,0
2022,13,mclaren,95,5,5,0
2022,13,alfa,51,6,6,0
2022,13,haas,34,7,7,0
2022,13,alphatauri,27,8,8,0
2022,13,aston_martin,20,9,9,0
2022,13,williams,3,10,10,0
2022,14,red_bull,475,1,1,10
2022,14,ferrari,357,2,2,4
2022,14,mercedes,316,3,3,0
2022,14,alpine,115,4,4,0
2022,14,mclaren,95,5,5,0
2022,14,alfa,51,6,6,0
2022,14,haas,34,7,7,0
2022,14,alphatauri,29,8,8,0
2022,14,aston_martin,24,9,9,0
2022,14,williams,4,10,10,0
2022,15,red_bull,511,1,1,11
2022,15,ferrari,376,2,2,4
2022,15,mercedes,346,3,3,0
2022,15,alpine,125,4,4,0
2022,15,mclaren,101,5,5,0
2022,15,alfa,51,6,6,0
2022,15,haas,34,7,7,0
2022,15,alphatauri,29,8,8,0
2022,15,aston_martin,25,9,9,0
2022,15,williams,4,10,10,0
2022,16,red_bull,545,1,1,12
2022,16,ferrari,406,2,2,4
2022,16,mercedes,371,3,3,0
2022,16,alpine,125,4,4,0
2022,16,mclaren,107,5,5,0
2022,16,alfa,52,6,6,0
2022,16,haas,34,7,7,0
2022,16,alphatauri,33,8,8,0
2022,16,aston_martin,25,9,9,0
2022,16,williams,6,10,10,0
2022,17,red_bull,576,1,1,13
2022,17,ferrari,439,2,2,4
2022,17,mercedes,373,3,3,0
2022,17,mclaren,129,4,4,0
2022,17,alpine,125,5,5,0
2022,17,alfa,52,6,6,0
2022,17,aston_martin,37,7,7,0
2022,17,haas,34,8,8,0
2022,17,alphatauri,34,9,9,0
2022,17,williams,6,10,10,0
2022,18,red_bull,619,1,1,14
2022,18,ferrari,454,2,2,4
2022,18,mercedes,387,3,3,0
2022,18,alpine,143,4,4,0
2022,18,mclaren,130,5,5,0
2022,18,alfa,52,6,6,0
2022,18,aston_martin,45,7,7,0
2022,18,haas,34,8,8,0
2022,18,alphatauri,34,9,9,0
2022,18,williams,8,10,10,0
2022,19,red_bull,656,1,1,15
2022,19,ferrari,469,2,2,4
2022,19,mercedes,416,3,3,0
2022,19,alpine,149,4,4,0
2022,19,mclaren,138,5,5,0
2022,19,alfa,52,6,6,0
2022,19,aston_martin,49,7,7,0
2022,19,haas,36,8,8,0
2022,19,alphatauri,35,9,9,0
2022,19,williams,8,10,10,0
2022,20,red_bull,696,1,1,16
2022,20,ferrari,487,2,2,4
2022,20,mercedes,447,3,3,0
2022,20,alpine,153,4,4,0
2022,20,mclaren,146,5,5,0
2022,20,alfa,53,6,6,0
2022,20,aston_martin,49,7,7,0
2022,20,haas,36,8,8,0
2022,20,alphatauri,35,9,9,0
2022,20,williams,8,10,10,0
2022,21,red_bull,719,1,1,16
2022,21,ferrari,524,2,2,4
2022,21,mercedes,505,3,3,1
2022,21,alpine,167,4,4,0
2022,21,mclaren,148,5,5,0
2022,21,alfa,55,6,6,0
2022,21,aston_martin,50,7,7,0
2022,21,haas,37,8,8,0
2022,21,alphatauri,35,9,9,0
2022,21,williams,8,10,10,0
2022,22,red_bull,759,1,1,17
2022,22,ferrari,554,2,2,4
2022,22,mercedes,515,3,3,1
2022,22,alpine,173,4,4,0
2022,22,mclaren,159,5,5,0
2022,22,alfa,55,6,6,0
2022,22,aston_martin,55,7,7,0
2022,22,haas,37,8,8,0
2022,22,alphatauri,35,9,9,0
2022,22,williams,8,10,10,0
